schema_version,campaign_id,epoch,design_trial_index,scenario_seed,agents,tasks,q,screened_elements,enumerated_feasible_sets,maximal_feasible_sets,maximum_cardinality,branch_and_bound_leaves,curvature,exact_optimum_value,exact_score_greedy_value,exact_score_greedy_ratio,zero_shortfall_certificate_slack,approximate_greedy_value,approximate_shortfall_sum,nonuniform_channel_certificate_slack,exact_optimum_crosscheck,feasibility_and_maximality_checks,finite_channel_checks
exact-oracle-audit-v1,SAT-COV-V1,1,1,4152013627,5,8,3,10,50,15,3,12,0.44126844971805101,0.6593320182154967,0.6593320182154967,1,0.46773638194087919,0.50805195724431174,0.15904127465338991,0.45510398270595348,1,1,1
exact-oracle-audit-v1,SAT-COV-V1,2,1,4152013627,5,8,3,9,25,15,2,6,0.41800022647570856,0.58863358987088588,0.58673977887447237,0.99678269974904266,0.41452399453620614,0.47259794107394348,0.16727121507388568,0.44719713975838926,1,1,1
exact-oracle-audit-v1,SAT-COV-V1,3,1,4152013627,5,8,3,11,36,24,2,7,0.4929261501910257,0.715573022660424,0.715573022660424,1,0.51070953803699737,0.59969538284724178,0.084113556933945927,0.46707524376034681,1,1,1
exact-oracle-audit-v1,SAT-COV-V1,4,1,4152013627,5,8,3,12,61,24,3,6,0.5291925313930721,0.90083497018825121,0.90083497018825098,0.99999999999999978,0.64558254001475002,0.84125972301938823,0.033883828819413375,0.6148103364752795,1,1,1
exact-oracle-audit-v1,SAT-COV-V1,5,1,4152013627,5,8,3,14,85,35,3,7,0.50948400193526289,0.79120799904849015,0.76177330031532609,0.96279777407639666,0.53632477323493821,0.68960397085175096,0.1740011478339592,0.61289623963024864,1,1,1
exact-oracle-audit-v1,SAT-COV-V1,6,1,4152013627,5,8,3,15,121,50,3,14,0.56784167992590051,0.93367780889021113,0.93367780889021113,1,0.67198519675905777,0.81222700852741314,0.10962067001256934,0.64270833222082757,1,1,1
exact-oracle-audit-v1,SAT-COV-V1,7,1,4152013627,5,8,3,15,121,50,3,28,0.57350805236393421,0.98027489299037107,0.98027489299037107,1,0.70595764544928796,0.81284676994225502,0.14890355580083811,0.66353572383032722,1,1,1
exact-oracle-audit-v1,SAT-COV-V1,8,1,4152013627,5,8,3,17,186,90,3,14,0.59989346803378729,0.9758081365685336,0.9576225672817813,0.98136358101019472,0.6865567301303539,0.83385991856247355,0.34236913191655449,0.84811013447487626,1,1,1
exact-oracle-audit-v1,SAT-COV-V1,9,1,4152013627,5,8,3,17,186,90,3,21,0.65195570959808502,1.1408458852377406,1.1280399554889373,0.98877505724961734,0.81564682261512811,0.94256711728284692,0.48639087750191645,1.0297332202099392,1,1,1
exact-oracle-audit-v1,SAT-COV-V1,10,1,4152013627,5,8,3,18,215,108,3,21,0.67145954014153242,1.184720827542856,1.1751711626735299,0.99193931207478447,0.85248727780708089,1.0143746854283748,0.40067844866113167,1.0190906623447027,1,1,1
exact-oracle-audit-v1,SAT-COV-V1,11,1,4152013627,5,8,3,20,426,144,4,6,0.74217825860472042,1.4405710580865216,1.4405710580865214,0.99999999999999989,1.0556158372137343,1.2535557943230193,0.36904268785975014,1.1644518095674679,1,1,1
exact-oracle-audit-v1,SAT-COV-V1,12,1,4152013627,5,8,3,21,487,168,4,12,0.7208659862342115,1.3390479080313487,1.3390479080313491,1.0000000000000002,0.97917256906850647,1.1726919533926414,0.24917468627155967,1.0137171740253965,1,1,1
exact-oracle-audit-v1,SAT-COV-V1,13,1,4152013627,5,8,3,21,551,186,4,6,0.75457225649547643,1.4273974758215497,1.42739747582155,1.0000000000000002,1.0472216852632177,1.2576359531054568,0.22929093327323313,1.0606695277763238,1,1,1
exact-oracle-audit-v1,SAT-COV-V1,14,1,4152013627,5,8,3,22,755,246,4,6,0.721322044479073,1.2660400632402564,1.2326662819469421,0.97363923760208759,0.89245383913551046,1.1268350709651629,0.23033876340702553,0.97231370298189979,1,1,1
exact-oracle-audit-v1,SAT-COV-V1,15,1,4152013627,5,8,3,23,885,302,4,6,0.79414406154457184,1.4494103791386765,1.4494103791386761,0.99999999999999967,1.0673979000056009,1.3183600471610828,0.21420452590757089,1.1057174093674293,1,1,1
exact-oracle-audit-v1,SAT-COV-V1,16,1,4152013627,5,8,3,23,1021,372,4,24,0.77821553534034549,1.4913742668209933,1.4913742668209928,0.99999999999999967,1.0966444657095673,1.1295564381107219,0.57339184565308865,1.1901144629237934,1,1,1
exact-oracle-audit-v1,SAT-COV-V1,17,1,4152013627,5,8,3,23,1021,372,4,6,0.76691433396983055,1.4538173019207392,1.4538173019207392,1,1.0678734834456831,1.2097327546846195,0.35249365539072652,1.1045176367897367,1,1,1
exact-oracle-audit-v1,SAT-COV-V1,18,1,4152013627,5,8,3,24,1630,400,5,20,0.72548743746269073,1.2639351868723669,1.2278222268025267,0.97142815514203507,0.88855516226688769,1.0288887680857033,0.30341376301497508,0.93394980942199313,1,1,1
exact-oracle-audit-v1,SAT-COV-V1,19,1,4152013627,5,8,3,25,1980,497,5,10,0.78276675024776077,1.3902363626447394,1.3902363626447396,1.0000000000000002,1.022717968190817,1.1286933687466503,0.27779824572329342,0.98148851519907487,1,1,1
exact-oracle-audit-v1,SAT-COV-V1,20,1,4152013627,5,8,3,27,3073,682,5,35,0.8057492448207807,1.5258292037397105,1.509389156342468,0.98922549957954076,1.1084617421634593,1.1955412807717216,0.45446254374008221,1.1528580764748202,1,1,1
exact-oracle-audit-v1,SAT-COV-V1,21,1,4152013627,5,8,3,26,2877,627,5,176,0.80682113171698877,1.5057974574914985,1.5057974574914985,1,1.1102449990516297,1.163925858230535,0.46805159221486198,1.1372257120114062,1,1,1
exact-oracle-audit-v1,SAT-COV-V1,22,1,4152013627,5,8,3,27,3639,828,5,123,0.71233612974587723,1.1669768232743301,1.1669768232743298,0.99999999999999978,0.85262575632118365,0.97611558751267891,0.19847269665516276,0.82215357724935534,1,1,1
exact-oracle-audit-v1,SAT-COV-V1,23,1,4152013627,5,8,3,25,2754,582,5,187,0.70982483508262439,1.1727732445590311,1.1505960866358464,0.98108998646918877,0.83446977429126068,0.97786989356547693,0.31763431193186142,0.91860286114814993,1,1,1
exact-oracle-audit-v1,SAT-COV-V1,24,1,4152013627,5,8,3,26,3110,676,5,267,0.73699251507079111,1.1974989977971733,1.1856883089666306,0.99013720357823365,0.8652437287412702,1.0744267597383987,0.31457399745580494,1.0065173367448257,1,1,1
exact-oracle-audit-v1,SAT-COV-V1,25,1,4152013627,5,8,3,26,2985,648,5,262,0.69038341681734738,1.0824875126735574,1.0699305450487258,0.98839989609319556,0.77660397422668526,0.92398679177025433,0.23318313039276395,0.82022030513632127,1,1,1
exact-oracle-audit-v1,SAT-COV-V1,26,1,4152013627,5,8,3,25,2619,552,5,114,0.64608899995861024,0.98066324249067505,0.97094081200722482,0.99008586223874639,0.70197775529034068,0.84043959366706966,0.16705972516095124,0.70893318583849929,1,1,1
exact-oracle-audit-v1,SAT-COV-V1,27,1,4152013627,5,8,3,26,2455,600,5,10,0.65278280825677792,0.90871370691374875,0.88595386109754981,0.97495377736350219,0.63718086948696584,0.77754598837555211,0.10036526293504425,0.61120214862270617,1,1,1
exact-oracle-audit-v1,SAT-COV-V1,28,1,4152013627,5,8,3,24,1851,438,5,8,0.64540606103857834,0.92740581230453289,0.92740581230453289,1,0.67300183184911155,0.75180511263292171,0.20863240814039291,0.66909592116428895,1,1,1
exact-oracle-audit-v1,SAT-COV-V1,29,1,4152013627,5,8,3,25,1980,497,5,10,0.65872154585815901,0.98159506897433746,0.95024782304895561,0.96806499246360678,0.68195873445035804,0.80491504637183553,0.2624858074967279,0.7518534389084508,1,1,1
exact-oracle-audit-v1,SAT-COV-V1,30,1,4152013627,5,8,3,23,1021,372,4,24,0.6819285787290158,1.0668412710469692,1.0535306624540735,0.98752334676757203,0.76377999287013554,0.95750311652822984,0.19964522298893805,0.83042145481884555,1,1,1
exact-oracle-audit-v1,SAT-COV-V1,31,1,4152013627,5,8,3,23,1021,372,4,18,0.66444314319113307,1.0890838733980475,1.0890838733980475,1,0.79188077026854087,0.89949461438488376,0.3477224733886547,0.88696434677317304,1,1,1
exact-oracle-audit-v1,SAT-COV-V1,32,1,4152013627,5,8,3,22,755,246,4,6,0.57538436327041187,0.92762141025661737,0.92762141025661737,1,0.66817478410196252,0.77776335416999753,0.47867665303026119,0.91996024747663041,1,1,1
exact-oracle-audit-v1,SAT-COV-V1,33,1,4152013627,5,8,3,22,755,246,4,12,0.54156230238264214,0.87521740678657334,0.87521740678657334,1,0.62808991556673599,0.69560524638173371,0.3562263194428924,0.75023129416068979,1,1,1
exact-oracle-audit-v1,SAT-COV-V1,34,1,4152013627,5,8,3,23,816,270,4,18,0.51003914751103729,0.8051419123236272,0.77921756432673583,0.96780151722312646,0.54983496245616925,0.67087908238849192,0.24847024062655221,0.65386183900921913,1,1,1
exact-oracle-audit-v1,SAT-COV-V1,35,1,4152013627,5,8,3,21,487,168,4,12,0.47461648578050386,0.72713204918333363,0.67780937766429483,0.93216820579640969,0.4685396490024285,0.65476212262137434,0.18971397965190329,0.60929232447985815,1,1,1
exact-oracle-audit-v1,SAT-COV-V1,36,1,4152013627,5,8,3,21,487,168,4,12,0.4930449703728188,0.72936624257853255,0.68875453783388707,0.94431918784577873,0.47994925511784864,0.57636251626840829,0.18350568870297507,0.52516100641480956,1,1,1
exact-oracle-audit-v1,SAT-COV-V1,37,1,4152013627,5,8,3,19,339,110,4,18,0.51722775200035498,0.73241114658796413,0.71272601385165846,0.97312283841116898,0.50449066538114229,0.59719626106235435,0.12204642985462294,0.49305974137983299,1,1,1
exact-oracle-audit-v1,SAT-COV-V1,38,1,4152013627,5,8,3,18,215,108,3,14,0.45841601976907886,0.63305992213482254,0.63305992213482243,0.99999999999999978,0.45001082725551622,0.52331376247658468,0.094354288689280849,0.42211221411851596,1,1,1
exact-oracle-audit-v1,SAT-COV-V1,39,1,4152013627,5,8,3,17,165,74,3,14,0.34860665243949396,0.48251691057751112,0.48251691057751117,1.0000000000000002,0.33842207930612467,0.40430556165917392,0.042958112548818608,0.29869668918278941,1,1,1
exact-oracle-audit-v1,SAT-COV-V1,40,1,4152013627,5,8,3,16,143,62,3,14,0.35304338984968986,0.48950846000320791,0.44978602366606435,0.91885240075956354,0.3037967228759092,0.4895084600032078,0.01627658300865456,0.35808197375156436,1,1,1
exact-oracle-audit-v1,SAT-COV-V1,41,1,4152013627,5,8,3,15,100,42,3,7,0.33524040505951724,0.45242713630865417,0.41804191900159626,0.9239983313388177,0.28239138669743974,0.38075817226194308,0.080901183761971238,0.31787707238542673,1,1,1
exact-oracle-audit-v1,SAT-COV-V1,42,1,4152013627,5,8,3,13,74,30,3,6,0.31648385166407011,0.45736135420996421,0.3690334473559671,0.80687501022780383,0.23112795024930102,0.43574224307857212,0.028429984058144175,0.32355372696418122,1,1,1
exact-oracle-audit-v1,SAT-COV-V1,43,1,4152013627,5,8,3,13,74,30,3,6,0.31387930044888257,0.45623638772206154,0.44099475839996388,0.96659269244569146,0.30332034531549762,0.32391159155560117,0.063278085061667266,0.24352177998311145,1,1,1
exact-oracle-audit-v1,SAT-COV-V1,44,1,4152013627,5,8,3,11,36,24,2,7,0.28034635387623918,0.374096145914664,0.35640938215333334,0.9527213419478392,0.24236772143887517,0.28930973890125794,0.11914285022293701,0.28422869152156355,1,1,1
exact-oracle-audit-v1,SAT-COV-V1,45,1,4152013627,5,8,3,10,31,20,2,6,0.26112095031301552,0.39988388662225605,0.39988388662225599,0.99999999999999989,0.27726228113293072,0.28236302327780283,0.10733621093286623,0.2584831197077796,1,1,1
exact-oracle-audit-v1,SAT-COV-V1,46,1,4152013627,5,8,3,11,62,20,3,6,0.28928358357493367,0.67401647070960369,0.65660998563897899,0.97417498558707449,0.45169713650814974,0.65660998563897877,0.39935298175275019,0.81592810499039548,1,1,1
exact-oracle-audit-v1,SAT-COV-V1,47,1,4152013627,5,8,3,9,42,12,3,5,0.32427991356346597,0.80791702393095988,0.80791702393095999,1.0000000000000002,0.56488182685427568,0.80791702393095988,0.55723279403729653,1.0677571639434169,1,1,1
exact-oracle-audit-v1,SAT-COV-V1,48,1,4152013627,5,8,3,9,42,12,3,10,0.3203146704601898,0.80015648741611956,0.80015648741611944,0.99999999999999989,0.55916833814976719,0.80015648741611944,0.58501293446756986,1.0877443851783051,1,1,1
exact-oracle-audit-v1,SAT-COV-V1,49,1,4152013627,5,8,3,8,39,12,3,4,0.38531945677097834,0.92464705260514135,0.90948993636321795,0.9836076736531858,0.63635557949897747,0.67042284975222943,0.32496855108303424,0.68526889346708153,1,1,1
exact-oracle-audit-v1,SAT-COV-V1,50,1,4152013627,5,8,3,8,39,12,3,8,0.37222910219770367,0.89742585284711873,0.89742585284711862,0.99999999999999989,0.63130340812286767,0.61831421384523322,0.34855190692277704,0.66227026292404878,1,1,1
exact-oracle-audit-v1,SAT-COV-V1,51,1,4152013627,5,8,3,9,52,18,3,8,0.34981688729578042,0.74774697871577089,0.747746978715771,1.0000000000000002,0.5245267240351017,0.62558418391974235,0.15268159886246482,0.53910119339358098,1,1,1
exact-oracle-audit-v1,SAT-COV-V1,52,1,4152013627,5,8,3,7,28,9,3,4,0.35109997314124719,0.85519800433101822,0.85519800433101834,1.0000000000000002,0.59999881266698263,0.55834159636103942,0.26538350876304329,0.54072126915052698,1,1,1
exact-oracle-audit-v1,SAT-COV-V1,53,1,4152013627,5,8,3,8,35,12,3,5,0.37501220009046754,0.8647487514838843,0.86369900525169219,0.99878606794124791,0.60747807915823848,0.58875888075028482,0.33081638178397554,0.62659589771414037,1,1,1
exact-oracle-audit-v1,SAT-COV-V1,54,1,4152013627,5,8,3,8,45,8,4,8,0.4119580782864517,0.92215324684556266,0.92215324684556266,1,0.65188226880685096,0.53556044855075258,0.36114702032720825,0.58283178378857114,1,1,1
exact-oracle-audit-v1,SAT-COV-V1,55,1,4152013627,5,8,3,7,27,8,3,4,0.34090283574343017,0.74851870646042018,0.74851870646042029,1.0000000000000002,0.52447187143959362,0.50337722977832788,0.15223957376258923,0.41603557408850594,1,1,1
exact-oracle-audit-v1,SAT-COV-V1,56,1,4152013627,5,8,3,8,32,8,3,10,0.41569514463944301,0.82360171571156959,0.82360171571156982,1.0000000000000002,0.5824789922729392,0.68906709202734762,0.32967163318537257,0.73749447703685167,1,1,1
exact-oracle-audit-v1,SAT-COV-V1,57,1,4152013627,5,8,3,8,32,8,3,15,0.40336735732854523,0.82625325380550541,0.82625325380550529,0.99999999999999989,0.58347803530718001,0.66215015206017358,0.43721405955199588,0.80477034961401206,1,1,1
exact-oracle-audit-v1,SAT-COV-V1,58,1,4152013627,5,8,3,10,50,15,3,18,0.41261169808420395,0.73479099676342863,0.73479099676342874,1.0000000000000002,0.51947467549080029,0.45664840811086549,0.40003082400630213,0.59299602583622579,1,1,1
exact-oracle-audit-v1,SAT-COV-V1,59,1,4152013627,5,8,3,10,41,15,3,10,0.42903689455985772,0.84026320418829714,0.84026320418829736,1.0000000000000002,0.59521970362947618,0.38752105832340178,0.36363483731476226,0.46061484980567785,1,1,1
exact-oracle-audit-v1,SAT-COV-V1,60,1,4152013627,5,8,3,10,41,15,3,10,0.42795800753121149,0.8643414520029431,0.86434145200294321,1.0000000000000002,0.61219674949959046,0.40028453886211351,0.35373664715715669,0.45771479006005922,1,1,1
exact-oracle-audit-v1,SAT-COV-V1,61,1,4152013627,5,8,3,12,61,24,3,12,0.42343115418738941,0.78552167722421773,0.78552167722421773,1,0.55606717913582993,0.57814101543388019,0.30826799165301294,0.61882601579220697,1,1,1
exact-oracle-audit-v1,SAT-COV-V1,62,1,4152013627,5,8,3,13,86,32,3,25,0.61399800060979515,1.1371508968955653,1.1371508968955655,1.0000000000000002,0.82249911880833571,1.056169211166061,0.11973916486621633,0.84091358507947922,1,1,1
exact-oracle-audit-v1,SAT-COV-V1,63,1,4152013627,5,8,3,15,121,50,3,36,0.61492424958975778,1.1134479290971642,1.1134479290971642,1,0.80543374893183306,0.98945485118410936,0.15837840332003142,0.81287778481556539,1,1,1
exact-oracle-audit-v1,SAT-COV-V1,64,1,4152013627,5,8,3,16,157,72,3,50,0.68753969506821244,1.1683982183741151,1.1310477327104598,0.96803274339494427,0.81419738939435837,0.97053183030710544,0.36974827856852144,0.95449040768929239,1,1,1
exact-oracle-audit-v1,SAT-COV-V1,65,1,4152013627,5,8,3,16,157,72,3,14,0.71289995858605004,1.3357688161032162,1.335768816103216,0.99999999999999989,0.97600452646372216,1.0543199290268588,0.39920357789212257,1.0171096395044172,1,1,1
exact-oracle-audit-v1,SAT-COV-V1,66,1,4152013627,5,8,3,18,229,120,3,21,0.73497734485927801,1.3327230507768373,1.2696113934427822,0.95264458186022394,0.91278913517362259,1.0835104460025984,0.46026794761397483,1.0963835607836732,1,1,1
exact-oracle-audit-v1,SAT-COV-V1,67,1,4152013627,5,8,3,18,229,120,3,7,0.72575162839599328,1.3043711180618849,1.3043711180618849,1,0.95427501715151863,1.0241137522622228,0.41011477219973902,1.004244794573667,1,1,1
exact-oracle-audit-v1,SAT-COV-V1,68,1,4152013627,5,8,3,18,229,120,3,7,0.74152477157202701,1.3633674400934546,1.3633674400934546,1,0.99897924989563136,0.97335515528937366,0.69032946118095151,1.1624815106260746,1,1,1
exact-oracle-audit-v1,SAT-COV-V1,69,1,4152013627,5,8,3,20,315,180,3,14,0.76432946160676951,1.296716975565873,1.2967169755658727,0.99999999999999978,0.95224208600283722,0.94605126824142749,0.60973691169404343,1.0875090670200092,1,1,1
exact-oracle-audit-v1,SAT-COV-V1,70,1,4152013627,5,8,3,20,315,180,3,42,0.73876494472967336,1.2454694653768243,1.2415371047898518,0.99684266800889998,0.90841387190716083,0.94783002146721707,0.53904240766004774,1.0472365803436245,1,1,1
exact-oracle-audit-v1,SAT-COV-V1,71,1,4152013627,5,8,3,22,644,222,4,12,0.73892492511679086,1.2431357333524669,1.2431357333524669,1,0.91065092602148368,1.0494908879422982,0.37654065148860949,1.0191308830852623,1,1,1
exact-oracle-audit-v1,SAT-COV-V1,72,1,4152013627,5,8,3,22,644,222,4,6,0.76300028011009213,1.331696555187952,1.3316965551879516,0.99999999999999967,0.97780432663117045,1.2257071463465621,0.31938054518760406,1.12643664626193,1,1,1
exact-oracle-audit-v1,SAT-COV-V1,73,1,4152013627,5,8,3,22,811,272,4,6,0.74462910868214882,1.2241329340536029,1.2241329340536027,0.99999999999999978,0.89722928124179901,1.1613963845085999,0.17404335137536145,0.97392711597680259,1,1,1
exact-oracle-audit-v1,SAT-COV-V1,74,1,4152013627,5,8,3,23,928,322,4,24,0.76757318986181611,1.3730677112794489,1.3730677112794492,1.0000000000000002,1.0086241710784931,1.1445837661191287,0.41374431594695649,1.1095918079553604,1,1,1
exact-oracle-audit-v1,SAT-COV-V1,75,1,4152013627,5,8,3,24,1404,377,5,10,0.7619469211806299,1.3612346468247603,1.36123464682476,0.99999999999999989,0.99939151736413556,0.90986394807863524,0.64206455269789964,1.0600412427363799,1,1,1
exact-oracle-audit-v1,SAT-COV-V1,76,1,4152013627,5,8,3,25,1842,460,5,40,0.74548112613529294,1.216310167330493,1.216310167330493,1,0.89156946610434096,0.96393964447778735,0.1886137251448094,0.79027197135637994,1,1,1
exact-oracle-audit-v1,SAT-COV-V1,77,1,4152013627,5,8,3,26,2510,530,5,40,0.7812577275961754,1.352135761660886,1.2047564051964827,0.89100254527446943,0.84716751306865978,1.1685155037093813,0.098812704742202689,0.88932330802019532,1,1,1
exact-oracle-audit-v1,SAT-COV-V1,78,1,4152013627,5,8,3,26,2677,576,5,80,0.72447592038475328,1.1140916597861559,1.0482775236447019,0.94092574379913529,0.74915042936318876,1.0000219484270769,0.13306218053919827,0.80807410571026628,1,1,1
exact-oracle-audit-v1,SAT-COV-V1,79,1,4152013627,5,8,3,26,3112,672,5,15,0.72789595983209598,1.0681839880909312,1.0673780362665175,0.99924549344176739,0.78083999990483699,0.89376758218965857,0.12099999180028921,0.70460350135468142,1,1,1
exact-oracle-audit-v1,SAT-COV-V1,80,1,4152013627,5,8,3,26,3112,672,5,41,0.70881788018907732,1.0504534541288038,1.0481729030419344,0.99782898416116805,0.76494156409162417,0.97917578191561316,0.23643529756702936,0.88719295276404431,1,1,1
exact-oracle-audit-v1,SAT-COV-V1,81,1,4152013627,5,8,3,25,2754,582,5,152,0.63706181458112032,0.91939466512981061,0.91939466512981061,1,0.66660966668850774,0.79924109648005937,0.37005211991292192,0.85169049226546623,1,1,1
exact-oracle-audit-v1,SAT-COV-V1,82,1,4152013627,5,8,3,26,3308,744,5,205,0.59870450485624727,0.90368659855000033,0.90368659855000044,1.0000000000000002,0.65257217742136187,0.76317293610003967,0.32979283868671821,0.78698481545676868,1,1,1
exact-oracle-audit-v1,SAT-COV-V1,83,1,4152013627,5,8,3,24,2287,464,5,29,0.57258878809178304,0.84186963063176024,0.7975343176598888,0.94733708004337791,0.56188737350614371,0.75120917627120121,0.169947708352676,0.65827194636093311,1,1,1
exact-oracle-audit-v1,SAT-COV-V1,84,1,4152013627,5,8,3,25,2691,574,5,16,0.63658892347702312,0.93825524161483742,0.91592693634139932,0.9762023122460699,0.65792272927865803,0.78064063497323943,0.20609249903372623,0.69265220646322767,1,1,1
exact-oracle-audit-v1,SAT-COV-V1,85,1,4152013627,5,8,3,24,1916,448,5,25,0.56309837101713733,0.82029262042485629,0.82029262042485607,0.99999999999999978,0.59007371120324725,0.57966889326138404,0.28839204670687896,0.59226566018223892,1,1,1
exact-oracle-audit-v1,SAT-COV-V1,86,1,4152013627,5,8,3,23,1612,374,5,5,0.56800814961306745,0.8635339315010172,0.86353393150101698,0.99999999999999978,0.6215126425096611,0.74309876122012919,0.13988686982156867,0.61869508739879919,1,1,1
exact-oracle-audit-v1,SAT-COV-V1,87,1,4152013627,5,8,3,24,1808,430,5,10,0.65692931925246634,1.0144028858509728,1.0144028858509728,1,0.73701090003640068,0.73181801105648214,0.35262355167832971,0.74370442323162966,1,1,1
exact-oracle-audit-v1,SAT-COV-V1,88,1,4152013627,5,8,3,22,873,302,4,6,0.6079249498661935,0.94683461987058026,0.94683461987058026,1,0.68440271426630894,0.83092897563277801,0.23440330808305665,0.7634040966492377,1,1,1
exact-oracle-audit-v1,SAT-COV-V1,89,1,4152013627,5,8,3,23,959,334,4,6,0.55618627673440346,0.8127463281024031,0.75963404847062521,0.93465085255348468,0.5310896852521898,0.64720648649384938,0.18438051312211828,0.57420558931518983,1,1,1
exact-oracle-audit-v1,SAT-COV-V1,90,1,4152013627,5,8,3,22,792,254,4,24,0.55358266368079134,0.73729375395445296,0.72428323433386288,0.98235368257114819,0.51680424095348487,0.70748697982855235,0.07622850480256041,0.56436149558275839,1,1,1
exact-oracle-audit-v1,SAT-COV-V1,91,1,4152013627,5,8,3,22,673,208,4,24,0.56761341586378244,0.82280389933395115,0.81241801157636995,0.9873774446548097,0.58178654918886352,0.6679875403761224,0.21515924911241952,0.6182831213916572,1,1,1
exact-oracle-audit-v1,SAT-COV-V1,92,1,4152013627,5,8,3,22,673,208,4,18,0.55393600343111671,0.81162036386476366,0.79835739325186217,0.98365865224260018,0.5699851425750937,0.68101019462642365,0.2960937186452014,0.70258086781717022,1,1,1
exact-oracle-audit-v1,SAT-COV-V1,93,1,4152013627,5,8,3,20,387,128,4,12,0.48479230911695037,0.73694624200615966,0.72752369026866293,0.9872140582305623,0.51604875097941083,0.60557708372909269,0.29325279890278194,0.64655862352661786,1,1,1
exact-oracle-audit-v1,SAT-COV-V1,94,1,4152013627,5,8,3,20,387,128,4,12,0.48454232788848473,0.73099354103378855,0.73099354103378855,1,0.52121174697053607,0.6135050686213982,0.2825893991103835,0.64701726199117238,1,1,1
exact-oracle-audit-v1,SAT-COV-V1,95,1,4152013627,5,8,3,19,287,98,4,6,0.42977389352476081,0.61321227607876061,0.6132122760787605,0.99999999999999978,0.43442140090285625,0.44941827168977594,0.04621743572421378,0.31105347458111976,1,1,1
exact-oracle-audit-v1,SAT-COV-V1,96,1,4152013627,5,8,3,18,187,86,3,7,0.35664980637149779,0.5016719649217638,0.42208735694054644,0.84136126085174268,0.2726312045681708,0.36160533942950129,0.10306311333770141,0.30426166761026818,1,1,1
exact-oracle-audit-v1,SAT-COV-V1,97,1,4152013627,5,8,3,16,115,49,3,7,0.3246615032185235,0.42785120492637385,0.42785120492637391,1.0000000000000002,0.29916104969938867,0.34190387152793478,0.089396280529713518,0.29388022665982771,1,1,1
exact-oracle-audit-v1,SAT-COV-V1,98,1,4152013627,5,8,3,16,115,49,3,7,0.31654107292741751,0.37312591638909709,0.37312591638909703,0.99999999999999989,0.26062137982994343,0.3548414536802873,0.03170079859777461,0.27101209216106759,1,1,1
exact-oracle-audit-v1,SAT-COV-V1,99,1,4152013627,5,8,3,14,87,36,3,6,0.27699747250341222,0.36383417069729612,0.36383417069729596,0.99999999999999956,0.25280748430215799,0.32550215814085021,0.043882185702539989,0.25464839168606562,1,1,1
exact-oracle-audit-v1,SAT-COV-V1,100,1,4152013627,5,8,3,13,50,36,2,7,0.24701184716390034,0.3245717066525492,0.32457170665254925,1.0000000000000002,0.22461158272012627,0.24881666557168919,0.11092430488664885,0.25134243646302756,1,1,1
exact-oracle-audit-v1,SAT-COV-V1,101,1,4152013627,5,8,3,13,50,36,2,7,0.20723008714244695,0.23919990620193932,0.23919990620193934,1.0000000000000002,0.16461844503366382,0.19016434091840254,0.066081065258106003,0.17739422174553315,1,1,1
exact-oracle-audit-v1,SAT-COV-V1,102,1,4152013627,5,8,3,11,37,25,2,6,0.17055820751542572,0.21154560290066821,0.19242875904867823,0.9096325161579164,0.12570687947579268,0.1581350710845674,0.057570863973883502,0.14588706665210854,1,1,1
exact-oracle-audit-v1,SAT-COV-V1,103,1,4152013627,5,8,3,11,37,25,2,12,0.15066988914039736,0.20447063176933669,0.20447063176933664,0.99999999999999978,0.13957312141000072,0.13521330890250829,0.07151017461087078,0.1384062464101633,1,1,1
exact-oracle-audit-v1,SAT-COV-V1,104,1,4152013627,5,8,3,10,52,16,3,10,0.18287754220622954,0.43211381470738552,0.4321138147073853,0.99999999999999944,0.29635181664827576,0.43211381470738547,0.23537654025752131,0.51820440488297947,1,1,1
exact-oracle-audit-v1,SAT-COV-V1,105,1,4152013627,5,8,3,10,52,16,3,10,0.19100140188208314,0.45587144214591446,0.45587144214591435,0.99999999999999978,0.31300988092032633,0.45587144214591446,0.30663855074945356,0.60129419558900243,1,1,1
exact-oracle-audit-v1,SAT-COV-V1,106,1,4152013627,5,8,3,10,63,24,3,4,0.26223228468496573,0.56596251535055886,0.56596251535055875,0.99999999999999978,0.39247317861400755,0.39568100260757888,0.17033571401393857,0.3788350613891257,1,1,1
exact-oracle-audit-v1,SAT-COV-V1,107,1,4152013627,5,8,3,9,51,18,3,4,0.2361335491670572,0.5650410583598523,0.56504105835985252,1.0000000000000004,0.39043730676088428,0.33992832406949314,0.2234036583695734,0.37242695712990481,1,1,1
exact-oracle-audit-v1,SAT-COV-V1,108,1,4152013627,5,8,3,10,68,27,3,4,0.27841288292639765,0.54804773277287921,0.5480477327728791,0.99999999999999978,0.38087912029363657,0.3870152452092554,0.16434152823225234,0.37023177404774416,1,1,1
exact-oracle-audit-v1,SAT-COV-V1,109,1,4152013627,5,8,3,8,40,12,3,8,0.27289369675930253,0.53798411260217061,0.53798411260217072,1.0000000000000002,0.37360843699288881,0.41388134200229615,0.13439475894516406,0.37269459771538205,1,1,1
exact-oracle-audit-v1,SAT-COV-V1,110,1,4152013627,5,8,3,8,40,12,3,8,0.26710008234668359,0.47869518988288817,0.47869518988288817,1,0.33217528604846008,0.44607251699227174,0.050625841821446367,0.34603956538957598,1,1,1
exact-oracle-audit-v1,SAT-COV-V1,111,1,4152013627,5,8,3,7,25,8,3,5,0.25823310318954618,0.51581855615619654,0.51581855615619643,0.99999999999999978,0.35750620101768532,0.33406456333280865,0.14891736800819727,0.31286704616806243,1,1,1
exact-oracle-audit-v1,SAT-COV-V1,112,1,4152013627,5,8,3,8,45,8,4,4,0.29012013576917639,0.58513108595791563,0.58513108595791574,1.0000000000000002,0.40728618613296708,0.32583231728728479,0.16836454056438313,0.3015057088468745,1,1,1
exact-oracle-audit-v1,SAT-COV-V1,113,1,4152013627,5,8,3,8,33,10,3,5,0.291615823920507,0.52941372148216048,0.52941372148216048,1,0.36857668891145245,0.39122013940605166,0.15094347610678899,0.36795396945837583,1,1,1
exact-oracle-audit-v1,SAT-COV-V1,114,1,4152013627,5,8,3,8,32,8,3,10,0.2756879287924684,0.51331131486484283,0.51331131486484272,0.99999999999999978,0.35660795177797289,0.4037531916231189,0.23196847513287064,0.45949540959474344,1,1,1
exact-oracle-audit-v1,SAT-COV-V1,115,1,4152013627,5,8,3,9,50,9,4,4,0.30024332845749968,0.61391982272399304,0.55537429609663158,0.90463652669237493,0.36935170272290813,0.61391982272399281,0.22836288360433865,0.63548454417205846,1,1,1
exact-oracle-audit-v1,SAT-COV-V1,116,1,4152013627,5,8,3,9,30,11,3,5,0.32256720565954933,0.61783146435955705,0.53695879959022774,0.8691023856268606,0.35100877176019207,0.61783146435955716,0.082130205090565039,0.50603813525693975,1,1,1
exact-oracle-audit-v1,SAT-COV-V1,117,1,4152013627,5,8,3,11,57,18,3,10,0.42520918592158896,0.7512852872093857,0.75128528720938581,1.0000000000000002,0.53194531512903986,0.66319546300406429,0.06390997451596292,0.49983161183800984,1,1,1
exact-oracle-audit-v1,SAT-COV-V1,118,1,4152013627,5,8,3,11,57,18,3,16,0.40409429470426728,0.69657962544950003,0.67382173783962029,0.96732909379140375,0.46919179367703778,0.6385596824295523,0.11924098484667006,0.53901582683288229,1,1,1
exact-oracle-audit-v1,SAT-COV-V1,119,1,4152013627,5,8,3,13,86,32,3,18,0.40753683386475903,0.64706070435782193,0.61412557033795512,0.94910039537549507,0.42423453293897306,0.58971445709902059,0.12472040394437264,0.50962743065441218,1,1,1
exact-oracle-audit-v1,SAT-COV-V1,120,1,4152013627,5,8,3,15,128,54,3,43,0.46825980644631304,0.68832834309466162,0.64066844065623574,0.93075993032024329,0.44220339434820144,0.54995082580813603,0.23952875440178187,0.55867506268751999,1,1,1
exact-oracle-audit-v1,SAT-COV-V1,121,1,4152013627,5,8,3,16,157,72,3,14,0.48448346357274219,0.78765539721825362,0.78765539721825373,1.0000000000000002,0.56160886680635513,0.6403452265572076,0.21014977906233243,0.59522919668514485,1,1,1
exact-oracle-audit-v1,SAT-COV-V1,122,1,4152013627,5,8,3,17,193,96,3,14,0.50752765861177951,0.8192987213519527,0.81929872135195259,0.99999999999999989,0.58571575320617397,0.59150595226413638,0.33253604204446452,0.64234216002536404,1,1,1
exact-oracle-audit-v1,SAT-COV-V1,123,1,4152013627,5,8,3,17,193,96,3,28,0.51217683423404692,0.79102789100829984,0.79102789100829995,1.0000000000000002,0.5658034993153882,0.56495737543726376,0.35600639164646608,0.64382335998314322,1,1,1
exact-oracle-audit-v1,SAT-COV-V1,124,1,4152013627,5,8,3,19,272,150,3,7,0.49409837104722831,0.7727451972661028,0.77274519726610291,1.0000000000000002,0.551587944319472,0.60198783735758876,0.28820188979659533,0.62827801650218773,1,1,1
exact-oracle-audit-v1,SAT-COV-V1,125,1,4152013627,5,8,3,19,272,150,3,14,0.47804775403473909,0.79261396776266246,0.79261396776266235,0.99999999999999989,0.5647234890183197,0.54516394308362914,0.32507033772654098,0.5976638103454105,1,1,1
exact-oracle-audit-v1,SAT-COV-V1,126,1,4152013627,5,8,3,19,272,150,3,7,0.46543369149903635,0.76094947779522759,0.76094947779522759,1,0.54136672263765739,0.53818929318350672,0.37999847959452615,0.64756837664950362,1,1,1
exact-oracle-audit-v1,SAT-COV-V1,127,1,4152013627,5,8,3,21,365,216,3,7,0.49162667912584179,0.72743867554658515,0.72743867554658515,1,0.51910063073341361,0.54029110152385607,0.23597072856458551,0.53469872534871543,1,1,1
exact-oracle-audit-v1,SAT-COV-V1,128,1,4152013627,5,8,3,20,328,191,3,6,0.49003915758243499,0.6982809281269069,0.69828092812690701,1.0000000000000002,0.49820267782709976,0.5765679303059279,0.15618416185803746,0.51074390020767302,1,1,1
exact-oracle-audit-v1,SAT-COV-V1,129,1,4152013627,5,8,3,22,422,258,3,7,0.52548852306779703,0.62652555351028583,0.62652555351028583,1,0.44881243675757604,0.53559924073737164,0.17379042343068463,0.50577237205514736,1,1,1
exact-oracle-audit-v1,SAT-COV-V1,130,1,4152013627,5,8,3,22,422,258,3,14,0.54436878349718754,0.73358831850960127,0.73358831850960127,1,0.52661540927813633,0.60241854032743303,0.2302859138025756,0.5903626342657301,1,1,1
exact-oracle-audit-v1,SAT-COV-V1,131,1,4152013627,5,8,3,23,730,252,4,12,0.56969826857939299,0.92285334233757421,0.92285334233757443,1.0000000000000002,0.66432915544464821,0.64456183455521798,0.49756588706561605,0.80419558396061264,1,1,1
exact-oracle-audit-v1,SAT-COV-V1,132,1,4152013627,5,8,3,24,1045,432,4,18,0.53658471395011953,0.76939682452725977,0.76939682452725977,1,0.55184319955897876,0.63348837153847704,0.19592554234276066,0.58213368553800493,1,1,1
exact-oracle-audit-v1,SAT-COV-V1,133,1,4152013627,5,8,3,24,1372,360,5,5,0.61467305662628935,0.92372521766404125,0.92372521766404125,1,0.6681764575982585,0.80400403792561903,0.15183127911975741,0.67446773603341215,1,1,1
exact-oracle-audit-v1,SAT-COV-V1,134,1,4152013627,5,8,3,25,1842,410,5,5,0.5787229829738314,0.90100457328370176,0.89828152034771513,0.99697775902949914,0.64651445774736005,0.70705320147276463,0.20884298711973909,0.63035667781604898,1,1,1
exact-oracle-audit-v1,SAT-COV-V1,135,1,4152013627,5,8,3,26,2510,530,5,20,0.59731350182848142,0.86802608867112729,0.86802608867112752,1.0000000000000002,0.62672766187848972,0.76225865972463314,0.18029935676214695,0.67132190422128035,1,1,1
exact-oracle-audit-v1,SAT-COV-V1,136,1,4152013627,5,8,3,26,2677,528,5,20,0.5193988999134469,0.72901876910378849,0.72901876910378882,1.0000000000000004,0.5218757910453149,0.62930801786745938,0.24567946561744244,0.63158671033074798,1,1,1
exact-oracle-audit-v1,SAT-COV-V1,137,1,4152013627,5,8,3,25,2465,480,5,70,0.52435798617831209,0.7591702817422582,0.7591702817422582,1,0.54376359356825821,0.65345795598455703,0.15813535606399148,0.57265906589817517,1,1,1
exact-oracle-audit-v1,SAT-COV-V1,138,1,4152013627,5,8,3,25,2532,504,5,45,0.51695430566172429,0.79875678335738087,0.79875678335738087,1,0.57164072954015832,0.70501970667433222,0.12811600886501961,0.58718799185927439,1,1,1
exact-oracle-audit-v1,SAT-COV-V1,139,1,4152013627,5,8,3,24,2477,510,5,83,0.49464938222224353,0.78999868484866176,0.78999868484866176,1,0.56393918690088696,0.71081941497491619,0.19993480357410479,0.65639499257251677,1,1,1
exact-oracle-audit-v1,SAT-COV-V1,140,1,4152013627,5,8,3,24,2287,464,5,59,0.41888877971304583,0.64103971275549743,0.64103971275549743,1,0.45354027827278193,0.51739975797412852,0.25254463705376917,0.55150270952308067,1,1,1
exact-oracle-audit-v1,SAT-COV-V1,141,1,4152013627,5,8,3,25,2658,564,5,75,0.43670571097063804,0.62246162737240696,0.62246162737240696,1,0.44134003020294682,0.50766508900789376,0.22056349823595894,0.51907976068322625,1,1,1
exact-oracle-audit-v1,SAT-COV-V1,142,1,4152013627,5,8,3,23,2043,408,5,8,0.44207713770816992,0.63466505987984423,0.62471538981870112,0.98432295916364643,0.4403310676525739,0.56861321865839742,0.064469718397780013,0.44041855972628974,1,1,1
exact-oracle-audit-v1,SAT-COV-V1,143,1,4152013627,5,8,3,23,1676,386,5,8,0.47071360926570083,0.65139138762061433,0.63332030285646979,0.97225771616331291,0.44563803893195392,0.58722156181065999,0.093328754057357799,0.48021039141129096,1,1,1
exact-oracle-audit-v1,SAT-COV-V1,144,1,4152013627,5,8,3,22,1373,310,5,16,0.44501365909307722,0.624596204690546,0.61139456611865906,0.97886372271757938,0.43009014573067861,0.60107322327479396,0.049199575958955313,0.46261296621466585,1,1,1
exact-oracle-audit-v1,SAT-COV-V1,145,1,4152013627,5,8,3,21,850,308,4,11,0.43911262225543723,0.62483594561249056,0.62454296918083485,0.99953111463302813,0.44285774562374441,0.5433094637572804,0.11994501299175553,0.46625443946923273,1,1,1
exact-oracle-audit-v1,SAT-COV-V1,146,1,4152013627,5,8,3,22,873,300,4,6,0.47961507525033897,0.65593223992520322,0.655932239925203,0.99999999999999967,0.46742511320573032,0.54354408406888566,0.1309114806869261,0.46790416638474663,1,1,1
exact-oracle-audit-v1,SAT-COV-V1,147,1,4152013627,5,8,3,21,725,232,4,26,0.42808243213086894,0.59393597502223616,0.58299024613415484,0.98157086058363185,0.40973420962366458,0.47691223665765642,0.17086188096825128,0.45318167190956327,1,1,1
exact-oracle-audit-v1,SAT-COV-V1,148,1,4152013627,5,8,3,22,673,192,4,12,0.43832598245165755,0.55849376423102837,0.54703660983420299,0.97948561804875234,0.3846047266790168,0.53106374333264561,0.042595510183916191,0.40579719330873865,1,1,1
exact-oracle-audit-v1,SAT-COV-V1,149,1,4152013627,5,8,3,21,530,150,4,6,0.41383576989846116,0.50911417314651042,0.50872627832053874,0.99923809855150103,0.35959368745731357,0.39915512760712646,0.048237395711694747,0.29241244559982393,1,1,1
exact-oracle-audit-v1,SAT-COV-V1,150,1,4152013627,5,8,3,21,530,150,4,12,0.36533048702721282,0.44635576706603575,0.37588186503275794,0.84211271090656348,0.24324830384562857,0.37402696021059745,0.091910306533014866,0.32332619007086782,1,1,1
exact-oracle-audit-v1,SAT-COV-V1,151,1,4152013627,5,8,3,19,287,98,4,6,0.35631114605358027,0.46086906349235973,0.39472847499464142,0.85648724608130533,0.2574143096991327,0.35824553942399279,0.052353891413597364,0.26772729602192002,1,1,1
exact-oracle-audit-v1,SAT-COV-V1,152,1,4152013627,5,8,3,19,287,98,4,6,0.38898664642778569,0.50887376931365513,0.4466283100679791,0.87767996112350266,0.29647316860407236,0.36710120568956922,0.10466961350926156,0.30960173782023698,1,1,1
exact-oracle-audit-v1,SAT-COV-V1,153,1,4152013627,5,8,3,18,187,98,3,7,0.36647758147995302,0.46138415848342718,0.46138415848342734,1.0000000000000004,0.32433166152885207,0.38630385485768104,0.077296840257669613,0.31813359910640715,1,1,1
exact-oracle-audit-v1,SAT-COV-V1,154,1,4152013627,5,8,3,17,130,56,3,7,0.33847843707143888,0.41382432475916575,0.41382432475916586,1.0000000000000002,0.28986835722499232,0.37820976520894761,0.036435388713863787,0.28699511028228525,1,1,1
exact-oracle-audit-v1,SAT-COV-V1,155,1,4152013627,5,8,3,16,73,56,2,8,0.35321861541365174,0.41669798155509091,0.41669798155509097,1.0000000000000002,0.29242991873339891,0.34062067172508925,0.078740075019413908,0.28679842593793664,1,1,1
exact-oracle-audit-v1,SAT-COV-V1,156,1,4152013627,5,8,3,14,57,42,2,7,0.29046040013587604,0.38522576748078763,0.38522576748078768,1.0000000000000002,0.26815225173056617,0.26783902116684827,0.12032451658738919,0.26046855783666545,1,1,1
exact-oracle-audit-v1,SAT-COV-V1,157,1,4152013627,5,8,3,14,57,42,2,7,0.29531793220724345,0.35905948443583047,0.35905948443583047,1,0.2500989859884688,0.25483627782097246,0.10678808210077159,0.24309378773972037,1,1,1
exact-oracle-audit-v1,SAT-COV-V1,158,1,4152013627,5,8,3,14,57,42,2,7,0.2842048703465706,0.36046292869848939,0.36046292869848945,1.0000000000000002,0.25070639920998317,0.25470021478021604,0.10882131123151532,0.24434793885768638,1,1,1
exact-oracle-audit-v1,SAT-COV-V1,159,1,4152013627,5,8,3,12,43,30,2,6,0.2632867956431405,0.37531070664196048,0.37531070664196053,1.0000000000000002,0.26030067836524179,0.27749792204340867,0.18735246126177313,0.33472448190099979,1,1,1
exact-oracle-audit-v1,SAT-COV-V1,160,1,4152013627,5,8,3,12,43,30,2,6,0.24923736013530307,0.34523766868432415,0.34523766868432415,1,0.23898576079971581,0.26881492306885868,0.14010255834974147,0.29191880808690313,1,1,1
exact-oracle-audit-v1,UAV-AG-V1,1,1,3113000784,5,10,3,14,147,72,3,7,0.87321597359325698,2.0346185667951673,2.0346185667951673,1,1.5093138637611114,1.8813983219460044,0.26047524152450785,1.5578447554096584,1,1,1
exact-oracle-audit-v1,UAV-AG-V1,2,1,3113000784,5,10,3,14,147,72,3,7,0.87256741245056391,2.0353965752805445,2.035396575280545,1.0000000000000002,1.5098029939431077,1.8845186733319457,0.23395796614703623,1.5401676176080166,1,1,1
exact-oracle-audit-v1,UAV-AG-V1,3,1,3113000784,5,10,3,12,73,24,3,9,0.86466889245553902,1.9230185687675083,1.8113983647995611,0.9419557326274357,1.3138088888882993,1.7191426494708821,0.32587156351900737,1.4745152558910419,1,1,1
exact-oracle-audit-v1,UAV-AG-V1,4,1,3113000784,5,10,3,12,73,24,3,9,0.85731067174976572,1.8636090271904684,1.7594380487346406,0.9441025574914319,1.2763011728694948,1.6916999798750383,0.27211381391454059,1.4201979737968549,1,1,1
exact-oracle-audit-v1,UAV-AG-V1,5,1,3113000784,5,10,3,12,73,24,3,9,0.8547853751170853,1.8500841792817511,1.7471070474066419,0.94433921816731203,1.2671622517186183,1.6735397734486954,0.26350543229338302,1.3986689883613626,1,1,1
exact-oracle-audit-v1,UAV-AG-V1,6,1,3113000784,5,10,3,12,73,24,3,9,0.86306226281929677,1.9223340980842463,1.8073606573459295,0.94019070834102325,1.3097414197307145,1.7392054341449679,0.23448457355670299,1.423683629294588,1,1,1
exact-oracle-audit-v1,UAV-AG-V1,7,1,3113000784,5,10,3,12,73,24,3,9,0.87005333098812043,1.9789304162806296,1.8511207324884218,0.93541476610763086,1.3397762503762438,1.794270843819185,0.2216172918689811,1.4547203445659436,1,1,1
exact-oracle-audit-v1,UAV-AG-V1,8,1,3113000784,5,10,3,13,94,36,3,12,0.88107915384926383,2.0223123583134739,1.8869037044745758,0.9330426611486351,1.3658341054926175,1.835716921965679,0.2275067049086083,1.4905056571403172,1,1,1
exact-oracle-audit-v1,UAV-AG-V1,9,1,3113000784,5,10,3,12,73,24,3,9,0.87226619064556687,1.9954078354838762,1.8623159703584329,0.93330092086504746,1.347008463786626,1.8117178586718807,0.20849822033330706,1.4579422897832219,1,1,1
exact-oracle-audit-v1,UAV-AG-V1,10,1,3113000784,5,10,3,12,73,24,3,9,0.87392327414174975,2.005757298149486,1.8705476810034303,0.9325892433392613,1.3527890275118089,1.8216787567620585,0.21454947214171821,1.4700690873562801,1,1,1
exact-oracle-audit-v1,UAV-AG-V1,11,1,3113000784,5,10,3,12,73,24,3,9,0.86377079551114411,1.9222298379229446,1.8023328585607361,0.93762609600745639,1.3048318576845572,1.7437812206982852,0.20527799516695922,1.4056669997564497,1,1,1
exact-oracle-audit-v1,UAV-AG-V1,12,1,3113000784,5,10,3,12,73,24,3,9,0.86819458212753386,1.9529950748827305,1.8252839107478984,0.9346075339475699,1.3203984833430109,1.7727694555939293,0.21176742431494155,1.4321214416532331,1,1,1
exact-oracle-audit-v1,UAV-AG-V1,13,1,3113000784,5,10,3,20,579,156,4,16,0.94232256161939887,2.4948720919324625,2.494872091932463,1.0000000000000002,1.8620288750375884,2.359483844349973,0.1465889448452829,1.8381908184052791,1,1,1
exact-oracle-audit-v1,UAV-AG-V1,14,1,3113000784,5,10,3,20,579,156,4,16,0.94149902058181867,2.4801657160548087,2.3749719186472591,0.95758598035340914,1.7457276379551119,2.1664236403780865,0.35791894344845632,1.8096028271886329,1,1,1
exact-oracle-audit-v1,UAV-AG-V1,15,1,3113000784,5,10,3,20,579,156,4,16,0.94278007125557706,2.5018034638743534,2.392915604660923,0.95647625371626754,1.7583878301818219,2.1881639997718088,0.36623309814340982,1.8322972904736394,1,1,1
exact-oracle-audit-v1,UAV-AG-V1,16,1,3113000784,5,10,3,20,579,156,4,16,0.94363690452874216,2.5161194922778578,2.4049534562079447,0.95581845917449892,1.7669333866147148,2.2032238192944025,0.36941887239349003,1.8462277496307262,1,1,1
exact-oracle-audit-v1,UAV-AG-V1,17,1,3113000784,5,10,3,20,579,156,4,16,0.94407284669615754,2.5233252745615218,2.4107264588867574,0.95537681296584698,1.7709499201052177,2.2105042098997374,0.37218616212019834,1.8538255067212865,1,1,1
exact-oracle-audit-v1,UAV-AG-V1,18,1,3113000784,5,10,3,20,579,156,4,16,0.9428322055082432,2.5016154361232106,2.3908063757284674,0.95570499814053533,1.7563346798169888,2.186068729118861,0.37318996813522426,1.8355477179059612,1,1,1
exact-oracle-audit-v1,UAV-AG-V1,19,1,3113000784,5,10,3,20,579,156,4,16,0.942317416297068,2.4901756455076871,2.3821367676350595,0.95661395288821038,1.7504840155726307,2.1782475509078085,0.35925793797288313,1.8199806529278697,1,1,1
exact-oracle-audit-v1,UAV-AG-V1,20,1,3113000784,5,10,3,22,1153,162,5,14,0.94710915682790164,2.6349174212574726,2.5365867890232807,0.96268170249249585,1.8690305303625685,2.3481998465966982,0.35255983891937859,1.9486066654020626,1,1,1
exact-oracle-audit-v1,UAV-AG-V1,21,1,3113000784,5,10,3,21,613,162,4,24,0.94221252470825501,2.4187666111004895,2.41876661110049,1.0000000000000002,1.8052110009093596,2.2729658141881801,0.12527319537866405,1.7547423515615206,1,1,1
exact-oracle-audit-v1,UAV-AG-V1,22,1,3113000784,5,10,3,21,613,162,4,24,0.94277614760035255,2.4333442108998868,2.4333442108998873,1.0000000000000002,1.8161790156653401,2.2878403299798227,0.12324065552522045,1.7644471250218936,1,1,1
exact-oracle-audit-v1,UAV-AG-V1,23,1,3113000784,5,10,3,21,613,162,4,24,0.94256045934393728,2.4325226177540133,2.4325226177540133,1,1.8155320496096765,2.2889536205121255,0.11850711815477097,1.7621382971434829,1,1,1
exact-oracle-audit-v1,UAV-AG-V1,24,1,3113000784,5,10,3,21,613,162,4,24,0.94151007780339058,2.4130365576501465,2.4130365576501465,1,1.8008253720847058,2.2769972619093801,0.21749579027344884,1.8303285608081623,1,1,1
exact-oracle-audit-v1,UAV-AG-V1,25,1,3113000784,5,10,3,21,613,162,4,24,0.94075441019904382,2.3943182359727793,2.3943182359727797,1.0000000000000002,1.7867395881443189,2.2498764937649742,0.14327947029256702,1.7513730041765798,1,1,1
exact-oracle-audit-v1,UAV-AG-V1,26,1,3113000784,5,10,3,21,613,162,4,24,0.94224180279978031,2.4227839460659286,2.4227839460659282,0.99999999999999978,1.8082138442661686,2.2766262887192519,0.16354770536936253,1.7865140818562344,1,1,1
exact-oracle-audit-v1,UAV-AG-V1,27,1,3113000784,5,10,3,21,613,162,4,24,0.94278795562491702,2.4354911861829103,2.4354911861829098,0.99999999999999978,1.8177833069883529,2.2910884161747482,0.16830052091097175,1.8014375282298996,1,1,1
exact-oracle-audit-v1,UAV-AG-V1,28,1,3113000784,5,10,3,21,613,162,4,24,0.94418170244744226,2.4653905997108398,2.4653905997108403,1.0000000000000002,1.8403203606341223,2.3270766107992387,0.28865522985814429,1.9215615937948414,1,1,1
exact-oracle-audit-v1,UAV-AG-V1,29,1,3113000784,5,10,3,21,613,162,4,24,0.94241148667792196,2.4275611401426036,2.427561140142604,1.0000000000000002,1.8118057456725583,2.2392405615748205,0.34928243686144345,1.8892735847078546,1,1,1
exact-oracle-audit-v1,UAV-AG-V1,30,1,3113000784,5,10,3,21,613,162,4,24,0.94043499666077768,2.379917037254585,2.379917037254585,1,1.7759438618890768,2.1848140837951475,0.35869966483125465,1.8539323299111961,1,1,1
exact-oracle-audit-v1,UAV-AG-V1,31,1,3113000784,5,10,3,21,613,162,4,24,0.94326234545374166,2.4390595479302113,2.4390595479302113,1,1.8205210551154365,2.1649721760360419,0.34355471130602666,1.8078071460106124,1,1,1
exact-oracle-audit-v1,UAV-AG-V1,32,1,3113000784,5,10,3,21,613,162,4,24,0.9451561409206235,2.4803554602601432,2.4803554602601432,1,1.8516463872445086,2.1884296630671503,0.36165787726487486,1.8347347068670392,1,1,1
exact-oracle-audit-v1,UAV-AG-V1,33,1,3113000784,5,10,3,21,613,162,4,24,0.94527321870314174,2.4849589874354789,2.4849589874354785,0.99999999999999978,1.8551017254199684,2.1919390937476897,0.35705402935898906,1.8335870048083986,1,1,1
exact-oracle-audit-v1,UAV-AG-V1,34,1,3113000784,5,10,3,21,613,162,4,24,0.94445872489725013,2.4669053991988794,2.4669053991988794,1,1.8414950270157759,2.1830580646954751,0.34301181442085771,1.8185289730711836,1,1,1
exact-oracle-audit-v1,UAV-AG-V1,35,1,3113000784,5,10,3,21,613,162,4,24,0.94283451984788602,2.4321119547029917,2.4321119547029912,0.99999999999999978,1.8152684269160777,2.1627007434093595,0.31930214529684098,1.7888058940588614,1,1,1
exact-oracle-audit-v1,UAV-AG-V1,36,1,3113000784,5,10,3,21,613,162,4,24,0.94294989152074438,2.4365914545461322,2.4365914545461314,0.99999999999999967,1.818629897442404,2.1669675843438223,0.31981368284401468,1.7923368011348655,1,1,1
exact-oracle-audit-v1,UAV-AG-V1,37,1,3113000784,5,10,3,21,613,162,4,24,0.94183907327903316,2.4080479462587632,2.4080479462587632,1,1.797153411628353,2.1602319297637953,0.31608813093247079,1.7899013489552225,1,1,1
exact-oracle-audit-v1,UAV-AG-V1,38,1,3113000784,5,10,3,21,613,162,4,24,0.94254271283036195,2.427114973146697,2.427114973146697,1,1.8114932411999392,2.1708766154278889,0.32370849181082961,1.8015744660875841,1,1,1
exact-oracle-audit-v1,UAV-AG-V1,39,1,3113000784,5,10,3,21,613,162,4,24,0.94087871925118605,2.3884065701314467,2.3884065701314467,1,1.782347175696372,2.100931981112538,0.35423121520715695,1.7645316453108117,1,1,1
exact-oracle-audit-v1,UAV-AG-V1,40,1,3113000784,5,10,3,21,613,162,4,24,0.94127174222503629,2.4048538509556474,2.4048538509556474,1,1.7946818028851959,2.155110911271402,0.30147550710333476,1.7744146721436274,1,1,1
exact-oracle-audit-v1,UAV-AG-V1,41,1,3113000784,5,10,3,21,613,162,4,24,0.94129981864268486,2.4063521692302592,2.4063521692302592,1,1.7958043093978233,2.1600296839742565,0.30315094991302927,1.7802312955312587,1,1,1
exact-oracle-audit-v1,UAV-AG-V1,42,1,3113000784,5,10,3,21,613,162,4,24,0.9405777558303513,2.3882141105966377,2.3882141105966377,1,1.7821572685350611,2.1051178991299557,0.34455986086964174,1.7613778153354951,1,1,1
exact-oracle-audit-v1,UAV-AG-V1,43,1,3113000784,5,10,3,21,613,162,4,31,0.94164720951253411,2.4265192563370852,2.4265192563370857,1.0000000000000002,1.8109087951874754,2.1781803764864494,0.31833554583397428,1.8048560933583444,1,1,1
exact-oracle-audit-v1,UAV-AG-V1,44,1,3113000784,5,10,3,21,613,162,4,24,0.93915600661063425,2.3580479421503724,2.3580479421503728,1.0000000000000002,1.7594303859547993,2.0967113705554188,0.31549660830622939,1.7383711284165373,1,1,1
exact-oracle-audit-v1,UAV-AG-V1,45,1,3113000784,5,10,3,21,613,162,4,24,0.93663801083211673,2.3011074710028665,2.3011074710028665,1,1.7165712589683584,2.1861204290426497,0.12214966356814733,1.6946710057085796,1,1,1
exact-oracle-audit-v1,UAV-AG-V1,46,1,3113000784,5,10,3,23,1176,468,4,7,0.94530608973675545,2.3742431418908625,2.3742431418908621,0.99999999999999978,1.7724538033989328,2.1727049074379385,0.23944691265568818,1.7529903488561769,1,1,1
exact-oracle-audit-v1,UAV-AG-V1,47,1,3113000784,5,10,3,23,1176,468,4,7,0.94517827288413725,2.3620702516221623,2.3620702516221623,1,1.7633469270370448,2.2217551927720711,0.18297636315066929,1.7621711038521424,1,1,1
exact-oracle-audit-v1,UAV-AG-V1,48,1,3113000784,5,10,3,23,1176,468,4,7,0.94497487606029784,2.3649897383781542,2.3649897383781542,1,1.7654954924883088,2.2151487537145447,0.25037585200637913,1.8060556078614278,1,1,1
exact-oracle-audit-v1,UAV-AG-V1,49,1,3113000784,5,10,3,23,1176,468,4,7,0.94471484203673783,2.3634672091084967,2.3634672091084976,1.0000000000000004,1.7643194116752641,2.2145055827515345,0.26460108727247716,1.8165898879175284,1,1,1
exact-oracle-audit-v1,UAV-AG-V1,50,1,3113000784,5,10,3,23,1176,468,4,7,0.94381074468037096,2.3555948685667714,2.3555948685667709,0.99999999999999978,1.7583058450647868,2.2154201436759746,0.21981791144964413,1.7853434376611925,1,1,1
exact-oracle-audit-v1,UAV-AG-V1,51,1,3113000784,5,10,3,23,1176,468,4,7,0.94390216834302898,2.3935626891555164,2.3935626891555155,0.99999999999999967,1.7866605432635103,2.2283872137306049,0.23371995120574685,1.7992683453360288,1,1,1
exact-oracle-audit-v1,UAV-AG-V1,52,1,3113000784,5,10,3,23,1176,468,4,7,0.94450640797228025,2.4018066618752081,2.4018066618752081,1,1.7929074959311768,2.235862258978043,0.21879808677939167,1.7933702914128837,1,1,1
exact-oracle-audit-v1,UAV-AG-V1,53,1,3113000784,5,10,3,23,1176,468,4,7,0.94409807449203764,2.35878262031463,2.35878262031463,1,1.760728876273689,2.2141305594810907,0.25089798057595636,1.8069173897645618,1,1,1
exact-oracle-audit-v1,UAV-AG-V1,54,1,3113000784,5,10,3,23,1176,468,4,7,0.94460629291823683,2.3620647166591882,2.3620647166591886,1.0000000000000002,1.7632559785349784,2.2185024083326068,0.21695858979273791,1.784697658197447,1,1,1
exact-oracle-audit-v1,UAV-AG-V1,55,1,3113000784,5,10,3,23,1176,468,4,7,0.94447679172341914,2.3549882458643703,2.3549882458643707,1.0000000000000002,1.7579538683758851,2.2132057055064469,0.22131474410800023,1.7844938375373824,1,1,1
exact-oracle-audit-v1,UAV-AG-V1,56,1,3113000784,5,10,3,23,1176,468,4,7,0.94393635466056725,2.373371534833816,2.373371534833816,1,1.7715941932625729,2.2182673251537364,0.26219622749586241,1.8159325231554435,1,1,1
exact-oracle-audit-v1,UAV-AG-V1,57,1,3113000784,5,10,3,24,1403,593,4,7,0.94660880289848337,2.3988619294463085,2.3988619294463089,1.0000000000000002,1.7910332721736328,2.2345907186735303,0.20922956615917337,1.7858071377754192,1,1,1
exact-oracle-audit-v1,UAV-AG-V1,58,1,3113000784,5,10,3,24,1403,593,4,7,0.94634632216856895,2.4099628586157862,2.4099628586157862,1,1.7992808094814161,2.2370640219654225,0.22073023589025276,1.7941804004426656,1,1,1
exact-oracle-audit-v1,UAV-AG-V1,59,1,3113000784,5,10,3,24,1403,593,4,7,0.94601931635306025,2.3927650924917829,2.3927650924917825,0.99999999999999978,1.7863906932140836,2.2349607856856677,0.21935114759937191,1.7953502540025892,1,1,1
exact-oracle-audit-v1,UAV-AG-V1,60,1,3113000784,5,10,3,23,1176,468,4,7,0.94259413136239267,2.3682935729907504,2.3682935729907504,1,1.7675993361299125,2.2270400249753108,0.2217324459413485,1.7950665125056955,1,1,1
exact-oracle-audit-v1,UAV-AG-V1,61,1,3113000784,5,10,3,24,1403,593,4,7,0.94499507984137665,2.3636329666971898,2.3636329666971898,1,1.764485713313992,2.2231217746459224,0.22629726024851832,1.7960639071822762,1,1,1
exact-oracle-audit-v1,UAV-AG-V1,62,1,3113000784,5,10,3,23,1176,468,4,7,0.94201060711366602,2.3557049006279511,2.3557049006279516,1.0000000000000002,1.7581152096268928,2.1057021869725046,0.2866356131556354,1.726251645043023,1,1,1
exact-oracle-audit-v1,UAV-AG-V1,63,1,3113000784,5,10,3,23,1176,468,4,7,0.94133995450225194,2.3455665373222283,2.3455665373222283,1,1.7504474751761547,2.0979597170950885,0.28518661957724095,1.7199140027464828,1,1,1
exact-oracle-audit-v1,UAV-AG-V1,64,1,3113000784,5,10,3,23,1176,468,4,7,0.94108569920176954,2.3412813180277445,2.3404496073219296,0.99964476259242718,1.746379471140433,2.09223119904334,0.29397029017367593,1.7219346465470826,1,1,1
exact-oracle-audit-v1,UAV-AG-V1,65,1,3113000784,5,10,3,23,1176,468,4,7,0.94158631006303684,2.3548013489094672,2.3548013489094677,1.0000000000000002,1.7573765651624875,2.1030230511167147,0.28874330024326028,1.7253650903156788,1,1,1
exact-oracle-audit-v1,UAV-AG-V1,66,1,3113000784,5,10,3,23,1176,468,4,7,0.94185175937967203,2.3598290827304109,2.3598290827304114,1.0000000000000002,1.7611690552153796,2.1022130149461553,0.29847412631959847,1.7307107887939297,1,1,1
exact-oracle-audit-v1,UAV-AG-V1,67,1,3113000784,5,10,3,23,1176,468,4,7,0.94045691316137447,2.3388728868512696,2.3388728868512696,1,1.7453191598610602,2.0837812466894627,0.30206985561387611,1.7202032780471828,1,1,1
exact-oracle-audit-v1,UAV-AG-V1,68,1,3113000784,5,10,3,23,1176,468,4,7,0.94019004704918374,2.3386363885072927,2.3386363885072923,0.99999999999999978,1.7451024826342234,2.1609934685819221,0.23675643838905996,1.7477222674733359,1,1,1
exact-oracle-audit-v1,UAV-AG-V1,69,1,3113000784,5,10,3,23,1176,468,4,7,0.94163643395441443,2.3516761735125371,2.3516761735125367,0.99999999999999978,1.7550518493474494,2.1986303050041482,0.27145550898176857,1.8086121812308864,1,1,1
exact-oracle-audit-v1,UAV-AG-V1,70,1,3113000784,5,10,3,24,1403,593,4,7,0.9443317476596127,2.3619250185364948,2.3619250185364948,1,1.7631100177602659,2.0943443295180675,0.3120213411058807,1.7328481150921653,1,1,1
exact-oracle-audit-v1,UAV-AG-V1,71,1,3113000784,5,10,3,23,1176,468,4,7,0.9409281771759489,2.3436068649249786,2.3436068649249786,1,1.7489228819744453,2.1862646338475411,0.29438330190898138,1.815677580864355,1,1,1
exact-oracle-audit-v1,UAV-AG-V1,72,1,3113000784,5,10,3,24,1403,593,4,7,0.94354583130893244,2.3572691086398976,2.3572691086398976,1,1.7595154094373,2.2069588056532887,0.23293790180937718,1.7864095146967043,1,1,1
exact-oracle-audit-v1,UAV-AG-V1,73,1,3113000784,5,10,3,23,1176,468,4,7,0.94097829590041393,2.3556276445996485,2.355627644599648,0.99999999999999978,1.7579010224941469,2.0895947626327818,0.31045917583063776,1.7281996951721703,1,1,1
exact-oracle-audit-v1,UAV-AG-V1,74,1,3113000784,5,10,3,23,1176,468,4,7,0.94056494783186784,2.3417525934797472,2.3417525934797472,1,1.7474843541583271,2.1861262375852011,0.28353001069314915,1.8077128422620889,1,1,1
exact-oracle-audit-v1,UAV-AG-V1,75,1,3113000784,5,10,3,23,1176,468,4,7,0.94032630332290723,2.3389783773887194,2.3389783773887198,1.0000000000000002,1.7453782038659735,2.1562205414260993,0.26844020125790785,1.7669995339370366,1,1,1
exact-oracle-audit-v1,UAV-AG-V1,76,1,3113000784,5,10,3,23,1032,378,4,16,0.93592943279378515,2.342472129268951,2.3424721292689514,1.0000000000000002,1.747321182264745,2.0955632573100029,0.32106497937921202,1.7451308588936822,1,1,1
exact-oracle-audit-v1,UAV-AG-V1,77,1,3113000784,5,10,3,22,962,354,4,7,0.93376719392816443,2.3235904493046782,2.3235904493046777,0.99999999999999978,1.7329122686306464,2.1438878527253542,0.23081178700643271,1.7292331444337463,1,1,1
exact-oracle-audit-v1,UAV-AG-V1,78,1,3113000784,5,10,3,24,1403,593,4,7,0.94121401072861854,2.3188858786297146,2.316310065215005,0.99888920216451893,1.7279416405830683,2.0720836176858093,0.28442348159186714,1.7002145870103695,1,1,1
exact-oracle-audit-v1,UAV-AG-V1,79,1,3113000784,5,10,3,23,1176,468,4,7,0.93943249681522545,2.3330323017693355,2.3330323017693355,1,1.7408068216639041,2.0760491947305066,0.29849515798624593,1.7111370331506952,1,1,1
exact-oracle-audit-v1,UAV-AG-V1,80,1,3113000784,5,10,3,23,1176,468,4,7,0.93957342335133198,2.3287643988482345,2.3287643988482345,1,1.7376434452331115,2.1702472113345217,0.28178235806799468,1.7937045847010191,1,1,1
exact-oracle-audit-v1,UAV-AG-V1,81,1,3113000784,5,10,3,24,1403,593,4,7,0.94174502921150594,2.3350974081309586,2.335097408130959,1.0000000000000002,1.7426954666492027,2.0716516241508702,0.30587778666063059,1.7120484439237078,1,1,1
exact-oracle-audit-v1,UAV-AG-V1,82,1,3113000784,5,10,3,24,1403,593,4,7,0.94175914636669056,2.3286683711653651,2.3286683711653655,1.0000000000000002,1.7378995583849575,2.0668164258963766,0.30497929971142679,1.7081617188135787,1,1,1
exact-oracle-audit-v1,UAV-AG-V1,83,1,3113000784,5,10,3,22,962,354,4,7,0.93364130520729938,2.317452079292158,2.3174520792921585,1.0000000000000002,1.7283154754476882,2.1433254840308602,0.24156207930437285,1.7384167194033995,1,1,1
exact-oracle-audit-v1,UAV-AG-V1,84,1,3113000784,5,10,3,22,962,354,4,14,0.93341132276758765,2.3153285405160489,2.3153285405160493,1.0000000000000002,1.726697362506687,2.1340655345375605,0.25726244908251711,1.7416475882286944,1,1,1
exact-oracle-audit-v1,UAV-AG-V1,85,1,3113000784,5,10,3,22,962,354,4,7,0.93197814093902076,2.313651064094608,2.3136510640946075,0.99999999999999978,1.7252319576897917,2.0567949225065574,0.36075404519426413,1.743622039959011,1,1,1
exact-oracle-audit-v1,UAV-AG-V1,86,1,3113000784,5,10,3,22,962,354,4,7,0.93268919760975244,2.3067650758938378,2.3067650758938383,1.0000000000000002,1.7202033213326424,2.1373223664271004,0.22639010041885821,1.7234593091515602,1,1,1
exact-oracle-audit-v1,UAV-AG-V1,87,1,3113000784,5,10,3,24,1144,420,4,16,0.93855971790655079,2.3115260672673057,2.3115260672673057,1,1.7246297821207284,2.1813893637815078,0.25950357229209869,1.7921568879042986,1,1,1
exact-oracle-audit-v1,UAV-AG-V1,88,1,3113000784,5,10,3,23,1032,378,4,16,0.93338994178520784,2.3060964121959464,2.3060964121959464,1,1.7198091520141343,2.0655574548474727,0.33231401505724606,1.7327263889221767,1,1,1
exact-oracle-audit-v1,UAV-AG-V1,89,1,3113000784,5,10,3,22,962,354,4,14,0.93158758549140075,2.3008621988745936,2.3008621988745941,1.0000000000000002,1.7156374903203742,2.0653123425778017,0.34161390035444505,1.7407563025393928,1,1,1
exact-oracle-audit-v1,UAV-AG-V1,90,1,3113000784,5,10,3,22,962,354,4,14,0.93128572164691215,2.2962578824796691,2.2962578824796696,1.0000000000000002,1.7121594360513823,2.0448932646416784,0.36597849121326453,1.7400763437443927,1,1,1
exact-oracle-audit-v1,UAV-AG-V1,91,1,3113000784,5,10,3,22,962,354,4,7,0.93110527313761526,2.2843592790411917,2.2843592790411913,0.99999999999999978,1.7032608041031421,2.0378792154568681,0.29421389040755042,1.6813083504136741,1,1,1
exact-oracle-audit-v1,UAV-AG-V1,92,1,3113000784,5,10,3,22,962,354,4,7,0.9309491474779924,2.2757302042126044,2.271985141743543,0.99835434689835867,1.6930587504742332,2.0320334284255996,0.29041450462560681,1.6747439704236129,1,1,1
exact-oracle-audit-v1,UAV-AG-V1,93,1,3113000784,5,10,3,22,962,354,4,7,0.9303112780176187,2.2704822443262618,2.2704822443262618,1,1.6927971492486389,2.0323220024188444,0.29043269174706077,1.6763236933508656,1,1,1
exact-oracle-audit-v1,UAV-AG-V1,94,1,3113000784,5,10,3,22,962,354,4,7,0.93015148565018768,2.2716336937927233,2.2716336937927233,1,1.6936321327620767,2.0268286648178613,0.29735694848877325,1.6758083915883233,1,1,1
exact-oracle-audit-v1,UAV-AG-V1,95,1,3113000784,5,10,3,22,962,354,4,7,0.92987392156298954,2.2582255892715306,2.257280152205607,0.99958133630651635,1.6826496082380822,2.0269022165270738,0.28495572495452826,1.6698021053230476,1,1,1
exact-oracle-audit-v1,UAV-AG-V1,96,1,3113000784,5,10,3,30,6483,1848,5,6,0.96657520211143233,2.6549619269774309,2.6549619269774305,0.99999999999999978,1.9856283604376663,2.5118378921009201,0.25002797157509338,2.031605471135304,1,1,1
exact-oracle-audit-v1,UAV-AG-V1,97,1,3113000784,5,10,3,30,6483,1848,5,6,0.96669029847346888,2.6439203449798261,2.6439203449798256,0.99999999999999978,1.9773897751500344,2.4653325897070313,0.26011743774666307,1.9955283217869955,1,1,1
exact-oracle-audit-v1,UAV-AG-V1,98,1,3113000784,5,10,3,30,6483,1848,5,12,0.96641124014113933,2.6549180842801112,2.6549180842801112,1,1.985567902581443,2.509079687639685,0.27121107663597688,2.0448603359653337,1,1,1
exact-oracle-audit-v1,UAV-AG-V1,99,1,3113000784,5,10,3,30,6483,1848,5,12,0.96646864023451107,2.6446552858591144,2.6446552858591135,0.99999999999999967,1.9779021798260468,2.4587986098931496,0.27613900129535485,2.0009005532818493,1,1,1
exact-oracle-audit-v1,UAV-AG-V1,100,1,3113000784,5,10,3,30,6483,1848,5,12,0.96651726815584538,2.6477781086466119,2.6477781086466119,1,1.9802458808397114,2.516412142003118,0.24083683604011702,2.0310322809389114,1,1,1
exact-oracle-audit-v1,UAV-AG-V1,101,1,3113000784,5,10,3,30,6483,1848,5,6,0.96666925504582768,2.6346930909501038,2.6297046697017077,0.99810664047910136,1.965496760862667,2.4513730712779749,0.29777315418860983,2.0123716026858687,1,1,1
exact-oracle-audit-v1,UAV-AG-V1,102,1,3113000784,5,10,3,30,6483,1848,5,6,0.96663460565329629,2.6384484031678759,2.6384484031678759,1,1.9732879673143877,2.4323714057337136,0.3275244428324745,2.0149205338257041,1,1,1
exact-oracle-audit-v1,UAV-AG-V1,103,1,3113000784,5,10,3,32,8829,2804,5,12,0.96972647077270979,2.6061481509129858,2.6061481509129858,1,1.9496424268786301,2.5059891677689468,0.25261833987455978,2.0403920680953425,1,1,1
exact-oracle-audit-v1,UAV-AG-V1,104,1,3113000784,5,10,3,32,8829,2804,5,12,0.96926214582626058,2.5816783684509592,2.5816783684509592,1,1.9312606652096571,2.4148475586568305,0.29312289421767057,1.9859744776515984,1,1,1
exact-oracle-audit-v1,UAV-AG-V1,105,1,3113000784,5,10,3,32,8829,2804,5,12,0.96934531562686721,2.5803873393497816,2.5803873393497816,1,1.9303085142117706,2.3539468317276082,0.30986348668414754,1.9380603950403448,1,1,1
exact-oracle-audit-v1,UAV-AG-V1,106,1,3113000784,5,10,3,32,8829,2804,5,12,0.96943237942418392,2.5901014292631017,2.5901014292631022,1.0000000000000002,1.9375896387388285,2.401683556363801,0.32360856222873002,1.9937472098547802,1,1,1
exact-oracle-audit-v1,UAV-AG-V1,107,1,3113000784,5,10,3,32,8829,2804,5,12,0.96964428980774819,2.6068142479459264,2.6068142479459264,1,1.9501271350378389,2.4104105217515501,0.2935989688474876,1.9756064901069275,1,1,1
exact-oracle-audit-v1,UAV-AG-V1,108,1,3113000784,5,10,3,32,8829,2804,5,12,0.96955733439776437,2.6046767186816946,2.6046767186816941,0.99999999999999978,1.9485137011806861,2.471576220605094,0.31003932307116466,2.049725971722808,1,1,1
exact-oracle-audit-v1,UAV-AG-V1,109,1,3113000784,5,10,3,32,8829,2804,5,12,0.96984264882714311,2.6228662543939523,2.6228662543939514,0.99999999999999967,1.9621684669970487,2.4731598653112026,0.3556671131700177,2.0812388113763403,1,1,1
exact-oracle-audit-v1,UAV-AG-V1,110,1,3113000784,5,10,3,32,8829,2804,5,12,0.96981514544218184,2.6339316914178141,2.6339316914178141,1,1.9704419330995004,2.4719543488400837,0.42610851391614979,2.1304759424145954,1,1,1
exact-oracle-audit-v1,UAV-AG-V1,111,1,3113000784,5,10,3,32,8829,2804,5,12,0.96972061252062514,2.6158327414436449,2.6158327414436444,0.99999999999999978,1.9568864334356639,2.4633247675605983,0.41066818911196568,2.1147289067478474,1,1,1
exact-oracle-audit-v1,UAV-AG-V1,112,1,3113000784,5,10,3,32,8829,2804,5,12,0.96978794377931421,2.6156709862611329,2.6156709862611329,1,1.9567766011441878,2.4486501342579436,0.42239913077804303,2.1089660974720315,1,1,1
exact-oracle-audit-v1,UAV-AG-V1,113,1,3113000784,5,10,3,32,8829,2804,5,12,0.96975364619372995,2.6205067746552464,2.6205067746552464,1,1.9603885385607134,2.4561895907947418,0.48351508419521538,2.1614706670672255,1,1,1
exact-oracle-audit-v1,UAV-AG-V1,114,1,3113000784,5,10,3,32,8829,2804,5,12,0.96969080017016984,2.6226348109885498,2.6226348109885498,1,1.9619700532003299,2.4511545671679755,0.53446120811130182,2.1943962356095197,1,1,1
exact-oracle-audit-v1,UAV-AG-V1,115,1,3113000784,5,10,3,32,8829,2804,5,12,0.96989007330602617,2.6118719095260579,2.6118719095260587,1.0000000000000004,1.9539514479272428,2.4409014813253465,0.46086557631758335,2.131251803910073,1,1,1
exact-oracle-audit-v1,UAV-AG-V1,116,1,3113000784,5,10,3,32,8829,2804,5,12,0.96982753581390202,2.6085053761755961,2.6085053761755961,1,1.9514225803506144,2.4351386541522322,0.49550278096838529,2.1525074760599057,1,1,1
exact-oracle-audit-v1,UAV-AG-V1,117,1,3113000784,5,10,3,32,8829,2804,5,12,0.96972772757752934,2.6014869044427327,2.6014869044427327,1,1.9461555862844837,2.4281517044044181,0.51825776443096649,2.1644777995473272,1,1,1
exact-oracle-audit-v1,UAV-AG-V1,118,1,3113000784,5,10,3,32,8829,2804,5,12,0.97008809006366037,2.626256896176872,2.6262568961768715,0.99999999999999978,1.964745907856519,2.4316042695576119,0.58542512448148676,2.212470209305951,1,1,1
exact-oracle-audit-v1,UAV-AG-V1,119,1,3113000784,5,10,3,32,8829,2804,5,12,0.96978690447499849,2.595984532737698,2.5959845327376985,1.0000000000000002,1.9420490457191542,2.3710916069846828,0.44601392713908361,2.0542124440496616,1,1,1
exact-oracle-audit-v1,UAV-AG-V1,120,1,3113000784,5,10,3,32,8829,2804,5,12,0.97005192802562501,2.6133548833716844,2.6133548833716844,1,1.9550877043145705,2.4199223070082874,0.5806420744687002,2.2004217373018955,1,1,1
exact-oracle-audit-v1,UAV-AG-V1,121,1,3113000784,5,10,3,32,8829,2804,5,18,0.97017870927105154,2.6243559078731726,2.6243559078731713,0.99999999999999944,1.9633388353306056,2.4292904796940533,0.64231862527768269,2.2536308726311329,1,1,1
exact-oracle-audit-v1,UAV-AG-V1,122,1,3113000784,5,10,3,32,8829,2804,5,12,0.9701714101276282,2.6194994696272049,2.6194994696272054,1.0000000000000002,1.9597044131858019,2.4247369840842778,0.63748164844645572,2.2466452970391817,1,1,1
exact-oracle-audit-v1,UAV-AG-V1,123,1,3113000784,5,10,3,32,8829,2804,5,12,0.97035455843140317,2.6427405730371687,2.6427405730371691,1.0000000000000002,1.977122292819582,2.4263501910596701,0.669415850712205,2.2665425437670246,1,1,1
exact-oracle-audit-v1,UAV-AG-V1,124,1,3113000784,5,10,3,33,9966,3259,5,12,0.97158171949053784,2.6483686675449256,2.6483686675449256,1,1.9815389622544475,2.4329709208269961,0.69446516511346379,2.2907169746392775,1,1,1
exact-oracle-audit-v1,UAV-AG-V1,125,1,3113000784,5,10,3,32,8829,2804,5,12,0.97034154219850266,2.6317562248312178,2.6317562248312178,1,1.9689023627995066,2.4240128343669403,0.63895134149635668,2.2439522041305087,1,1,1
exact-oracle-audit-v1,UAV-AG-V1,126,1,3113000784,5,10,3,32,8829,2804,5,12,0.97027573397526035,2.617463723567957,2.6174637235679565,0.99999999999999978,1.9581987508182661,2.3829742516327879,0.57825829885567059,2.1606499381229178,1,1,1
exact-oracle-audit-v1,UAV-AG-V1,127,1,3113000784,5,10,3,32,8829,2804,5,12,0.97012272212930617,2.5964692810166969,2.5964692810166965,0.99999999999999978,1.9424670088591935,2.279732967802822,0.39629233046315826,1.9251866758755325,1,1,1
exact-oracle-audit-v1,UAV-AG-V1,128,1,3113000784,5,10,3,32,8829,2804,5,6,0.97024571377264934,2.6080249353439728,2.6054033701032959,0.99899480821477227,1.9485107938335648,2.3321370088786542,0.57112418631013739,2.1067977122930444,1,1,1
exact-oracle-audit-v1,UAV-AG-V1,129,1,3113000784,5,10,3,34,8431,2260,5,5,0.96723830021589052,2.4637393718489604,2.4186061602079727,0.98168101214085945,1.7975848891351238,2.2177406077710109,0.67402882927279073,2.1064155875405515,1,1,1
exact-oracle-audit-v1,UAV-AG-V1,130,1,3113000784,5,10,3,34,8431,2260,5,5,0.9677079499881851,2.4777436509872954,2.4338024940227787,0.98226565651898345,1.8093251680152851,2.2334616800056883,0.67729347706678023,2.1210886864771998,1,1,1
exact-oracle-audit-v1,UAV-AG-V1,131,1,3113000784,5,10,3,34,8431,2260,5,5,0.96793581904873272,2.483961023868432,2.4455867985311217,0.98455119666992696,1.8195784311720113,2.234391674897005,0.71927901201134403,2.1522018405078529,1,1,1
exact-oracle-audit-v1,UAV-AG-V1,132,1,3113000784,5,10,3,34,8431,2260,5,5,0.96755181373987975,2.4701170773626004,2.4307144166175951,0.98404826187952332,1.8081347520475117,2.1608362025961254,0.31409513661464317,1.7757544848910927,1,1,1
exact-oracle-audit-v1,UAV-AG-V1,133,1,3113000784,5,10,3,34,8431,2260,5,10,0.96771451582846457,2.4762917696592353,2.4456897174682095,0.98764198445192231,1.8215793486953236,2.1653392110978604,0.37617069199870579,1.8256525506069405,1,1,1
exact-oracle-audit-v1,UAV-AG-V1,134,1,3113000784,5,10,3,34,8431,2260,5,5,0.96802646046802709,2.4821749289655446,2.4394146798839262,0.98277307188037755,1.8138707341228457,2.1790210402210155,0.30467950607475558,1.7838280075222577,1,1,1
exact-oracle-audit-v1,UAV-AG-V1,135,1,3113000784,5,10,3,34,8431,2260,5,5,0.96898828682157878,2.5072237416640277,2.4641216947509714,0.98280885499095916,1.8324182074948154,2.2692722564033074,0.68320475686023319,2.1539760050631989,1,1,1
exact-oracle-audit-v1,UAV-AG-V1,136,1,3113000784,5,10,3,34,8431,2260,5,5,0.96920714048683831,2.5109801681039179,2.4673293557619966,0.98261602664314041,1.8347143071566128,2.2663497655844385,0.62735614704091558,2.1079020694271566,1,1,1
exact-oracle-audit-v1,UAV-AG-V1,137,1,3113000784,5,10,3,34,8431,2260,5,5,0.96952945037762095,2.5131571650589501,2.4418078535509484,0.971609689795772,1.8086957437970144,2.3037657731280339,0.59788060283178379,2.1225061640085823,1,1,1
exact-oracle-audit-v1,UAV-AG-V1,138,1,3113000784,5,10,3,35,9712,2736,5,5,0.97205703825836276,2.5185227098946421,2.4472175373098883,0.9716876991799146,1.8131574808614177,2.326280935240097,0.52427418656569313,2.0881926749032753,1,1,1
exact-oracle-audit-v1,UAV-AG-V1,139,1,3113000784,5,10,3,35,9712,2736,5,5,0.9726087232533801,2.5283849123791051,2.4823307271213841,0.98178513681511181,1.8458761733216642,2.3334521928159,0.44447163126519107,2.0326498481024977,1,1,1
exact-oracle-audit-v1,UAV-AG-V1,140,1,3113000784,5,10,3,35,9712,2736,5,5,0.97303914392826729,2.5364784096491499,2.4895736479275734,0.98150791997947084,1.8511509398287918,2.3539404752112647,0.37791793194682349,2.0008796160067006,1,1,1
exact-oracle-audit-v1,UAV-AG-V1,141,1,3113000784,5,10,3,35,9712,2736,5,10,0.97216923673237066,2.5157017516818656,2.4464160864894304,0.97245871250591831,1.8130841205656019,2.2637336323499362,0.42524165145020171,1.9515674774276692,1,1,1
exact-oracle-audit-v1,UAV-AG-V1,142,1,3113000784,5,10,3,34,8431,2260,5,5,0.96940889265697083,2.5052696118845121,2.4610255758147082,0.98233961093052868,1.8298813224426198,2.2195080889790479,0.4047158596203147,1.8942400029897155,1,1,1
exact-oracle-audit-v1,UAV-AG-V1,143,1,3113000784,5,10,3,35,9712,2736,5,5,0.97244833313823009,2.5236436158459798,2.4778998210759284,0.9818739086284507,1.84261311519389,2.2775071264320852,0.37350030677529616,1.9242885121545747,1,1,1
exact-oracle-audit-v1,UAV-AG-V1,144,1,3113000784,5,10,3,34,8431,2260,5,5,0.96962236749305786,2.5062407845630958,2.4340569054633718,0.97119834632636559,1.8027019420576547,2.2298633961907273,0.40764905753300723,1.9065848842413615,1,1,1
exact-oracle-audit-v1,UAV-AG-V1,145,1,3113000784,5,10,3,34,8431,2260,5,10,0.9695570263390616,2.499416957397548,2.4356308457982929,0.97447960356895769,1.8059845298962276,2.2318359069138269,0.40384228640248687,1.9073941393199632,1,1,1
exact-oracle-audit-v1,UAV-AG-V1,146,1,3113000784,5,10,3,35,9712,2736,5,5,0.97216768525013642,2.5130450352287328,2.4675550797228207,0.98189847182672085,1.8348916993322013,2.2436664468463206,0.41278336268427607,1.9227598164668345,1,1,1
exact-oracle-audit-v1,UAV-AG-V1,147,1,3113000784,5,10,3,35,9712,2736,5,5,0.97297865022447216,2.5277100018169296,2.4808388849579024,0.98145708296231127,1.8446134671157717,2.3149770393405684,0.31368383782087483,1.9156145891384613,1,1,1
exact-oracle-audit-v1,UAV-AG-V1,148,1,3113000784,5,10,3,35,9712,2736,5,5,0.97359885273237967,2.5355994829914641,2.4930603986166191,0.98322326350821854,1.854948808351814,2.3354910666671755,0.259037753228893,1.8929486036564489,1,1,1
exact-oracle-audit-v1,UAV-AG-V1,149,1,3113000784,5,10,3,35,9712,2736,5,5,0.97337159105635118,2.5295049771880351,2.4832976409676801,0.98173265653277264,1.8466833905206066,2.3394926660605901,0.26416001030459973,1.9023261674164413,1,1,1
exact-oracle-audit-v1,UAV-AG-V1,150,1,3113000784,5,10,3,35,9712,2736,5,5,0.97324222995311016,2.5256160225613637,2.4791693350492654,0.981609758927252,1.8435131438607484,2.3409725764584359,0.30119501263267423,1.9327339414123961,1,1,1
exact-oracle-audit-v1,UAV-AG-V1,151,1,3113000784,5,10,3,35,9712,2736,5,5,0.97308982162461621,2.523894151097323,2.476673312015806,0.98129048357238491,1.8414261204319797,2.3400633670419602,0.28848422614482921,1.9226447968308567,1,1,1
exact-oracle-audit-v1,UAV-AG-V1,152,1,3113000784,5,10,3,35,9712,2736,5,5,0.9732167396310456,2.5269044836422556,2.4812197737008033,0.98192068191053949,1.8452352178024243,2.3422828024458395,0.28547028067035751,1.9218442129853748,1,1,1
exact-oracle-audit-v1,UAV-AG-V1,153,1,3113000784,5,10,3,35,9712,2736,5,5,0.97385936777553739,2.5182217453270042,2.4903716986532936,0.98894059003128254,1.8566749539351637,2.3763394916903486,0.19871913955950105,1.8926625044686236,1,1,1
exact-oracle-audit-v1,UAV-AG-V1,154,1,3113000784,5,10,3,35,9712,2736,5,33,0.9730102450381215,2.4953078145305225,2.4485720647979634,0.98127054728061591,1.8205072825218784,2.2879160046662177,0.44042282024530827,1.992412272889827,1,1,1
exact-oracle-audit-v1,UAV-AG-V1,155,1,3113000784,5,10,3,35,9712,2736,5,58,0.97203562355767992,2.462515517242073,2.4256141138665068,0.98501475295599583,1.8056510141810005,2.2709852660107086,0.4130381126076168,1.9629816891637708,1,1,1
exact-oracle-audit-v1,UAV-AG-V1,156,1,3113000784,5,10,3,35,9712,2736,5,48,0.97247571631918117,2.4975063312810448,2.4351827987455903,0.97504569587878209,1.8064800678462847,2.4237419199103827,0.3511362475022235,2.0602160756007675,1,1,1
exact-oracle-audit-v1,UAV-AG-V1,157,1,3113000784,5,10,3,35,9712,2736,5,63,0.97222285250783447,2.4724692374360071,2.4279694541739745,0.98200188597364324,1.8055297449126899,2.4138929840676471,0.33550340439367843,2.0448404211356732,1,1,1
exact-oracle-audit-v1,UAV-AG-V1,158,1,3113000784,5,10,3,35,9712,2736,5,94,0.97213896671357791,2.4481487032024503,2.4213877498436123,0.98906890201406816,1.8050576758663741,2.2824925792402606,0.39313419435719343,1.963081266906294,1,1,1
exact-oracle-audit-v1,UAV-AG-V1,159,1,3113000784,5,10,3,35,9712,2736,5,79,0.9723859828204876,2.4595390930887442,2.4272109856530446,0.98685603025113899,1.8080518445913261,2.4193317314933531,0.32382690740982001,2.044731081583012,1,1,1
exact-oracle-audit-v1,UAV-AG-V1,160,1,3113000784,5,10,3,35,9712,2736,5,43,0.97315502794694175,2.5015730626855475,2.4445704154047925,0.97721327906387023,1.814951625025452,2.4521884250357089,0.34402913148637115,2.082334830627699,1,1,1
