cell_id,x_m,y_m,zone_id,priority,agronomic_feature_1,agronomic_feature_2,agronomic_feature_3,agronomic_feature_4,agronomic_feature_5,agronomic_feature_6,agronomic_feature_7,agronomic_feature_8
1,25.0,25.0,1,0.7784141654072523,0.09354968569446125,0.05030697056976491,0.1549586043931762,0.2337748224697842,0.06252019412621304,0.6294173164434361,0.21870538119010724,0.05293418829906347
2,75.0,25.0,1,0.8467545499569905,0.1826395917426406,0.05129557470307839,0.27691701364344223,0.30489844373422137,0.12233980144831276,0.6890378623215709,0.33688759864151085,0.05615153103000554
3,125.0,25.0,2,0.8804568014770826,0.2903857584150566,0.05516331093289029,0.4408789660813261,0.3403754384467857,0.20974836221485144,0.6186244201429227,0.41644739147165083,0.06230832815710253
4,175.0,25.0,2,0.6283737790613327,0.39530559493605527,0.06836473188964484,0.5842778682943469,0.3261815466769052,0.25928934102231266,0.47220003074883715,0.39834864734201464,0.07194388124294789
5,225.0,25.0,3,0.81560846863506,0.5947618845857531,0.10369702998534427,0.6335907589345948,0.26532762263889154,0.43459999263251636,0.31033556966047393,0.2921090192549402,0.08298029798134353
6,275.0,25.0,3,0.9751592219785473,0.8044920989139115,0.17033020477438973,0.5680018778051016,0.17980065786225086,0.7642190809297077,0.17158508522625804,0.17055063119398148,0.09049454189301631
7,325.0,25.0,4,0.8387552388030513,0.7481443754922674,0.24794805815529442,0.43162234459850196,0.1105577690929817,0.8903148741511068,0.09005291198464348,0.09223969012904212,0.09000604828199105
8,375.0,25.0,4,0.6944614318039808,0.4792552173077548,0.2837203842340259,0.28751037964089604,0.0731850812513147,0.6125259443574314,0.0597876985516749,0.06027730764145362,0.08157884760849964
9,25.0,75.0,1,0.7205945277464783,0.11652624060744607,0.054931738898993054,0.23038837621984443,0.3185324572561292,0.08797923255426182,0.6127026847343385,0.5245869336372351,0.07352470127732633
10,75.0,75.0,1,0.7738437264911228,0.24995986725379477,0.061114150959399205,0.4497872416842057,0.4272219576264082,0.26823078202323886,0.6846582859479774,0.828209524945491,0.08690151514492594
11,125.0,75.0,2,0.6528075868739502,0.39935287282033877,0.0769762992231774,0.7384592133793049,0.5152233094236452,0.5160421128323499,0.6258120444075322,1.0,0.10575486194963488
12,175.0,75.0,2,0.5553360554964499,0.5166635258832784,0.12320561834013659,0.9669407309379595,0.5953237883257834,0.5509687225277206,0.5137553826391481,0.9104468572061079,0.13097474282093974
13,225.0,75.0,3,0.742052878385373,0.7497479769319868,0.24232287724923973,1.0,0.5688063889526644,0.670217068243348,0.3733569316630625,0.6217368955923872,0.1576981071644883
14,275.0,75.0,3,0.8291210682858945,1.0,0.465364128606889,0.8285692109767904,0.3619165720318529,0.9557499355335894,0.20686913817243358,0.32426068655037477,0.17388036084447517
15,325.0,75.0,4,0.6475734913100117,0.8926086160637482,0.7244657415755323,0.5682549301525919,0.1689251549861572,0.9957362009991714,0.09532697433649678,0.14343121846380819,0.16835531120724734
16,375.0,75.0,4,0.8111013384040204,0.5289827006142644,0.8423590569648459,0.33891845916108904,0.0870307932095844,0.6509520477314504,0.05804979918940681,0.07229691724098813,0.14183182623015628
17,25.0,125.0,1,0.7086891137773978,0.09512728907561781,0.12514715652778008,0.1927909797254454,0.16416886791789326,0.10399842207172962,0.7995925911512328,0.48176176463659276,0.1893123519922475
18,75.0,125.0,1,0.8330921766170201,0.18449358155049528,0.18341250934210707,0.3678153988510131,0.22722041786784442,0.361766339852832,0.9090790953823848,0.777176394831865,0.22996592046554937
19,125.0,125.0,2,0.9751957550704928,0.28149958242835144,0.252193569874503,0.5966086881775006,0.3754192240240443,0.7263088141913652,0.8560130030828024,0.968147717389901,0.2657288070755239
20,175.0,125.0,2,0.5606023969045864,0.3604765794356083,0.3320114466445297,0.7730679821611662,0.7071048509186851,0.7941412092178506,0.7661237854334196,0.9126392745499774,0.30061711789695356
21,225.0,125.0,3,0.7576841359499936,0.5379764149736405,0.4488997384947041,0.7891082027484454,0.8763576801503146,0.8777710544983458,0.6072576137981396,0.6435913022641317,0.33170726781433985
22,275.0,125.0,3,0.6399183333222642,0.7195660283556207,0.6283100211518619,0.6425402832567378,0.5454677440683406,1.0,0.3322105706611969,0.3435276737702419,0.34193687148424856
23,325.0,125.0,4,0.552174559843552,0.6076037921190872,0.8153697400588779,0.4319599398203123,0.1920114012680777,0.8516866533873263,0.12781398092192947,0.1525798980964088,0.31320444601725783
24,375.0,125.0,4,0.9891536684986537,0.32177815331429954,0.8656389423515384,0.2543155047959094,0.07563402158154793,0.50103386046184,0.0613885386710757,0.07505562096186572,0.24799050313717708
25,25.0,175.0,1,0.7169730025581937,0.06362124993078377,0.35243405087161717,0.09039234810902354,0.0779384968721543,0.0861916968073162,0.4014389392425081,0.20855578231875282,0.5858597276940364
26,75.0,175.0,1,0.622946948734188,0.0906344919528041,0.5739977847445126,0.13955485638213233,0.1286007430531554,0.26368096346027037,0.47514351438239144,0.35900098053445934,0.6384467686589594
27,125.0,175.0,2,0.6678197091525904,0.1222971505786848,0.7956627839011746,0.20436306224934947,0.28229926059734106,0.5531556876823598,0.5644120848312028,0.5067689672136774,0.6298594548456615
28,175.0,175.0,2,0.6498197743892344,0.16419905842122862,0.9407105665440432,0.2558782241014226,0.5916172449797901,0.7429460197715386,0.7558536066642237,0.5500669256965091,0.6011528621166713
29,225.0,175.0,3,0.6443648188970036,0.26770954130738295,0.9752166680625521,0.2637468907339091,0.7421036075575457,0.941638621040227,0.7811921943443096,0.4474005449625086,0.5775822323420479
30,275.0,175.0,3,0.5956557438961096,0.3644666642831113,0.9205340993886698,0.22575108024800306,0.4656828678403246,0.9364884797430949,0.4633275931142219,0.27753236403160236,0.5443686411461559
31,325.0,175.0,4,0.9408501094005166,0.3018804693494141,0.8054518365686755,0.1675739595552466,0.1677881827567566,0.6242615364762694,0.16564775260569709,0.14488181256251423,0.4722478122350647
32,375.0,175.0,4,0.667557959259562,0.15706311128676337,0.6374552852629921,0.11599072940598791,0.06854807508763658,0.305883623777789,0.06580920026356693,0.07980742093145823,0.3589786183681256
33,25.0,225.0,1,0.9602303018306046,0.05183067227775123,0.3306738014599461,0.055548299281091715,0.10116767413148242,0.061829917631849265,0.09462306699028306,0.19645931555482715,0.9921407215357808
34,75.0,225.0,1,0.8339457229455629,0.05557565098113593,0.5410722053611912,0.06197515934684223,0.22346328525419956,0.1258935003552633,0.14165396142795839,0.37490370946649787,1.0
35,125.0,225.0,2,0.9077788928767863,0.061418430630776594,0.7622668045433355,0.0706381852226025,0.44625079572679777,0.27883648220551377,0.348423428616834,0.5946355867807291,0.8856492053679418
36,175.0,225.0,2,0.8067740718900542,0.07643188150241713,0.9283159453695351,0.07828370485988455,0.6619027029607727,0.5327408758609985,0.7721044500630458,0.7336490321724338,0.7520624258010006
37,225.0,225.0,3,0.8929246205731208,0.11454665273571457,1.0,0.08104058159851439,0.6598779343184243,0.8142797993267803,0.94578855365428,0.6923807799928168,0.6620559796887396
38,275.0,225.0,3,0.7113074271268831,0.14824854194652215,0.971667312776494,0.07773451485086193,0.41958523391014085,0.767651672317854,0.5828183253201996,0.5057893586328185,0.5985198447800076
39,325.0,225.0,4,0.8024040251014143,0.12818033030226864,0.8490092978882628,0.07059228298305938,0.18652553529332921,0.4289709061429263,0.20023412000057983,0.29769287911121256,0.5124851586874338
40,375.0,225.0,4,0.9684340087503658,0.08169285854546217,0.6510353914395581,0.06291658629520683,0.08269085319885626,0.17513486379112547,0.07005382021395506,0.15449439943403637,0.3879571371392463
41,25.0,275.0,1,0.9029428315153001,0.050110155792025594,0.11344525708799486,0.05068588646133753,0.1396848087069418,0.05225298663167587,0.055243914476230185,0.24742165147363854,0.614365721995272
42,75.0,275.0,1,0.6902525711072485,0.05036509010433506,0.1725363543295631,0.0514246437565016,0.35179258354925275,0.0690230819801399,0.10040001403831976,0.4782146806077866,0.611517243235517
43,125.0,275.0,2,0.5836270830017847,0.05109944237314567,0.26128139347488033,0.0524375933397026,0.7127239722778806,0.14223001807813024,0.3303060154004953,0.760959560653298,0.5433872470927351
44,175.0,275.0,2,0.8242653934525466,0.054205457215264,0.3841690451309159,0.05343053249307095,1.0,0.33575656607166715,0.8002525080323333,0.9511347574183329,0.47901797754303815
45,225.0,275.0,3,0.7487533874454618,0.06213116228171735,0.5302241538006652,0.0539807148829774,0.9376414520853225,0.554033100542223,1.0,0.9221153627255788,0.4524143758465737
46,275.0,275.0,3,0.8816082374546836,0.06898697614035332,0.6522499726849575,0.05382785342849174,0.5893113853744641,0.5131947770491188,0.6179483811103909,0.696348367789035,0.43898567338038236
47,325.0,275.0,4,0.9985693586244709,0.06513792768194589,0.6807697108368617,0.05306577540106778,0.2630972495478293,0.27099883114035495,0.21026044935618465,0.4183431164904444,0.3954888515311957
48,375.0,275.0,4,0.6669732025307676,0.05609374845341442,0.5847091549680768,0.05205108686945378,0.10489176517358953,0.10821203888868311,0.07134324111096323,0.21194897299070997,0.3101275457383546
