episode,cumulative_retention_mean,cumulative_retention_se,cumulative_certificate_mean,cumulative_certificate_se,cumulative_raw_certificate_mean,cumulative_raw_certificate_se,zero_scale_difference_mean,zero_scale_difference_se,parameter_confidence_max,tracking_utilization_max,return_deviation_utilization_max
1,0.9489331423603439,3.347448369359225e-17,1.0,0.0,1.0,0.0,0.0,0.0,0.617022922075394,0.9730372946297503,0.46258885432726493
2,0.9462921817361827,6.69489673871845e-17,1.0,0.0,1.0,0.0,0.0,0.0,0.2599192687033175,0.17501225664170078,0.3055009464218522
3,0.9539391234172583,6.69489673871845e-17,1.0,0.0,1.0,0.0,0.0,0.0,0.21313449309947893,0.11171384031915753,0.3295099330115111
4,0.9485368158785411,6.69489673871845e-17,1.0,0.0,1.0,0.0,0.0,0.0,0.18343015504800017,0.2612252807734025,0.4046624498795894
5,0.9519639227558295,6.69489673871845e-17,1.0,0.0,1.0,0.0,0.0,0.0,0.17740634918538267,0.1845093201950765,0.6601618874293322
6,0.9492540803398907,3.347448369359225e-17,1.0000000000000002,0.0,1.0,0.0,0.0,0.0,0.16095315517422526,0.12943656945345125,0.3726289573769851
7,0.9425629371355986,6.69489673871845e-17,1.0,0.0,1.0,0.0,0.0,0.0,0.16019824156084114,0.10404592166774569,0.4295550323191208
8,0.9386037894545951,3.347448369359225e-17,1.0,0.0,1.0,0.0,0.0,0.0,0.15290333691381006,0.10358336280220694,0.6287932957931027
9,0.9413646745123806,0.0,1.0,0.0,1.0,0.0,0.0,0.0,0.1633198170582108,0.16101375837192908,0.38430924658346655
10,0.9383022115589305,0.0,0.9999999999999999,0.0,1.0,0.0,0.0,0.0,0.15877571734676127,0.24491868292691504,0.4832525771834058
11,0.934828666120028,0.0,0.9999999999999999,0.0,1.0,0.0,0.0,0.0,0.15665397882710994,0.09119550218066559,0.5368965780197728
12,0.9401355613444052,0.0,0.9999999999999999,0.0,1.0,0.0,0.0,0.0,0.15768215094026639,0.2471811169868973,0.49034904880820857
13,0.9340974966794832,3.347448369359225e-17,0.9999999999999999,3.347448369359225e-17,1.0,0.0,0.0,0.0,0.1449920028358081,0.3032407843996168,0.34505168240032014
14,0.9330501342369337,6.69489673871845e-17,0.9999999999999999,3.347448369359225e-17,1.0,0.0,0.0,0.0,0.14132315013488994,0.240031326872018,0.5436604744224365
15,0.9345487315081288,6.69489673871845e-17,0.9999999999999999,3.347448369359225e-17,1.0,0.0,0.0,0.0,0.1376732233413701,0.15025195507835878,0.6076866872248718
16,0.9338874055490973,6.69489673871845e-17,0.9999999999999999,3.347448369359225e-17,1.0,0.0,0.0,0.0,0.1396378476036667,0.22841918950240284,0.37409911078334007
17,0.9353734737885699,3.347448369359225e-17,0.9999999999999999,3.347448369359225e-17,1.0,0.0,0.0,0.0,0.1389126763758232,0.13988263626477654,0.49735695526069673
18,0.9356707434794488,0.0,0.9999999999999999,0.0,1.0,0.0,0.0,0.0,0.13807171428943585,0.14272340113688284,0.44239385463124886
19,0.9389250126306261,3.347448369359225e-17,0.9963076438451927,1.0042345108077677e-16,0.9963076438451933,6.69489673871845e-17,0.0,0.0,0.13688427597627004,0.09829466837446894,0.5399587337638752
20,0.941639353091491,2.3064196319484284e-05,0.9916943069946962,0.00010440582562200189,0.9916943069946963,0.00010440582562201639,0.375,0.0652791209833867,0.13666000562577385,0.1660242326899324,0.44533682482072445
21,0.9432208857853407,0.00021975694508552477,0.982578336377153,0.000532397591865072,0.9825783363771531,0.0005323975918650732,0.5277777777777778,0.049549032500880254,0.13659216281920825,0.1910693683894499,0.45303851969838055
22,0.9436391341113578,0.00021009687253454893,0.9787432726072106,0.0005085474938170585,0.9787432726072108,0.0005085474938170311,0.6041666666666666,0.04824901213203408,0.13995622574967684,0.2868406815254051,0.3934964674327344
23,0.9451163989311023,0.00019541503103418217,0.9778885525481501,0.0004810919021223343,0.9778885525481503,0.0004810919021223198,0.5833333333333333,0.03859920970562727,0.1349677490265252,0.1478638758216654,0.3554778403126657
24,0.9461017246915819,0.0002778308697436091,0.9767544275007491,0.0009704675597242147,0.9767544275007491,0.0009704675597242054,0.5972222222222222,0.03216600808802272,0.13489169741366064,0.24498064731717348,0.4339061628004276
25,0.9471913803104139,0.0002672224207819201,0.9743345425490548,0.0009326004188075721,0.9743345425490548,0.0009326004188075712,0.6547619047619048,0.027570864075448048,0.13432344593273027,0.21148335416260158,0.37886474125039477
26,0.9491259091741964,0.00025743330890793965,0.9701302375625159,0.0009224048842333127,0.9701302375625159,0.0009224048842333122,0.5729166666666666,0.024124506066017043,0.13340480348559913,0.13850035906993954,0.382827652542517
27,0.9492168550771583,0.00024863327589110575,0.9712365250602001,0.0008882417403728108,0.9714870105663578,0.0009086969710959964,0.6203703703703705,0.02144400539201514,0.13299672098566154,0.24726184256930236,0.5472369000109218
28,0.9507811266520004,0.00024038042649389036,0.9718572478608598,0.0008474288466913097,0.9720987874560829,0.000867155354524448,0.5583333333333332,0.01929960485281363,0.14162472248413138,0.20218826569237305,0.5568255113163918
29,0.95241730489094,0.00023238948326131261,0.9703183360142459,0.0008336050562925292,0.9705515466579095,0.0008525728067726809,0.5075757575757575,0.01754509532073966,0.14217871261613224,0.14136353659705034,0.48171351285363145
30,0.953113228209353,0.0002249914418015547,0.9713077248137708,0.0008058182210827638,0.9717937660226124,0.0007936260087304907,0.548611111111111,0.016083004044011365,0.14437522187538482,0.1012751576843539,0.3505861921743429
31,0.9531050128841523,0.0002178388336920819,0.9715931024450596,0.0008180241764832706,0.9720634649052289,0.0008056374451106744,0.5064102564102564,0.014845849886779712,0.14009128287461528,0.1411681450163572,0.554654690183963
32,0.9537462856263254,0.00021360938881527064,0.965685480371491,0.0008336795389352475,0.96614114400478,0.0008211764895073776,0.5416666666666666,0.01378543203772402,0.14680195829770507,0.209338438060111,0.41904295624894455
33,0.9533199204492715,0.00020716249736375074,0.9647080605145688,0.0008045757769903015,0.9651499161589703,0.0007925222584217378,0.5722222222222221,0.012866403235209087,0.14209178211900933,0.11008424106130357,0.3679977000300642
34,0.9528183062585981,0.00021905817106028004,0.9607743904202013,0.0010319510681419757,0.9612032503103555,0.0010199627952495113,0.5885416666666666,0.012062253033008521,0.1400531363899419,0.1380139871147002,0.5536046147287952
35,0.9538547809571604,0.00021946924030402293,0.9516850377665009,0.0010267319376519397,0.9521016445169367,0.0010150862929486054,0.5784313725490196,0.015918512566391943,0.14177799106392233,0.1522224536711454,0.4588579882477833
36,0.9535383416165439,0.00022065461886676527,0.9472230740905115,0.0009644099833361703,0.9476281084312129,0.0009536630401247211,0.5972222222222222,0.015481123028408685,0.1410296244903962,0.09631115516751912,0.6016498916966618
37,0.9547810496773047,0.00021475277887545328,0.9404252478845789,0.0009692534772414094,0.9408193353512075,0.0009589087693548431,0.5657894736842105,0.014666327079545075,0.14087873176266794,0.19754131088019036,0.47559804761096164
38,0.9557802407014916,0.00020924109962127858,0.9377411967015498,0.0009876831136206908,0.9381249134453721,0.000977501570508154,0.5375,0.013933010725567817,0.13874401199132597,0.11745155126946515,0.4112545156853332
39,0.9564190445307731,0.00020409620349616438,0.9357575025824733,0.0009618229352076902,0.9361313804354285,0.0009519792162086775,0.5515873015873015,0.014895976062094215,0.1400821672042098,0.09744848676641489,0.4240460505455015
40,0.9574722020557648,0.00019916410757904847,0.93082191087478,0.0009504328141159104,0.9311864417814113,0.0009408036109371659,0.5265151515151515,0.014218886241089933,0.1363003533199987,0.1155319984063757,0.30387251744783234
41,0.9578183357386982,0.0001783142876054519,0.9268923809313198,0.0008206960111181433,0.9272480208402283,0.000811695821424862,0.5289855072463767,0.01176585711428969,0.13772645601176756,0.18662434808466322,0.36280696074781865
42,0.9584522586906559,0.00017582317392126243,0.9219392454817279,0.0008136165701426757,0.9222864177737579,0.0008049717769586475,0.5381944444444445,0.014006759932028911,0.13746345246861844,0.15009524067094454,0.45638710265909144
43,0.9588218133400846,0.00020321762201097623,0.9166814983338506,0.0008494335194485307,0.917020596851647,0.0008409041597808528,0.5566666666666668,0.01344648953474775,0.13643687698857335,0.2027820420376925,0.48906900480763293
44,0.9590938543470857,0.0002730505898589356,0.9125717412010051,0.001007602830997481,0.9129031329343062,0.0010015026130828135,0.5608974358974358,0.01203136528092225,0.13616561637393873,0.1664685068962007,0.3643168925471791
45,0.9592843066954228,0.00026672094525388555,0.9089784226589014,0.0009716439970846453,0.9093024501314625,0.0009655958234755104,0.5771604938271605,0.011585759159406612,0.1369255185078077,0.10394964464912765,0.45211664069441265
46,0.9593954841338918,0.0002605413934220687,0.9039570492323015,0.0009557484666088618,0.9042740326293721,0.0009497571912065005,0.5773809523809523,0.014469417702511839,0.1373280323937362,0.09605418808624377,0.4355585451515551
47,0.9596720966618637,0.0002575809137244904,0.8976069671135122,0.0009140246298651145,0.8979172061829855,0.0009080439925981934,0.5919540229885057,0.013970472264494186,0.13988957092040138,0.1654810898095175,0.5322476683291745
48,0.9592110866231417,0.00033162684893358734,0.8953494098179952,0.0010801424549792854,0.8956531855735214,0.0010751084569646234,0.597222222222222,0.011932987222940061,0.13951567803266313,0.21556988291128948,0.41789329801285413
49,0.9591498752599348,0.00035321533991686146,0.8890931443557696,0.0011762464289776361,0.8893907206060812,0.001170793199987952,0.610215053763441,0.011548052151232313,0.13824590492392344,0.22009598969503674,0.3115703752738356
50,0.958519059330288,0.0003457341578237755,0.8859494474509951,0.0011789475142426709,0.8862410721763002,0.0011736147048421676,0.6223958333333334,0.011187175521506306,0.13772813651198504,0.1806414135236178,0.33380111715492344
51,0.9581768088314199,0.00033873016452047925,0.8839534145417747,0.0011790990804273422,0.8842393211352112,0.0011738950355668519,0.633838383838384,0.010848170202672784,0.13795567306278378,0.21041189136179206,0.3913063444125711
52,0.958582659981488,0.0003320733854139644,0.8783671185778115,0.0011565187312130862,0.8786475269675278,0.0011513012197206858,0.6446078431372549,0.01052910637318241,0.13811734259440023,0.12866153643977357,0.43560567157404656
53,0.9587679416321763,0.00032583041985470676,0.8756038874367941,0.0011628464492541345,0.8758790051021763,0.001157762652306384,0.6547619047619048,0.010228274762520057,0.13801537905526556,0.3070740302631892,0.6050307437953281
54,0.9590446164298913,0.0003375263240933147,0.8726109066896145,0.0011779594341645538,0.8728809295834156,0.0011727901154234787,0.664351851851852,0.009944156019116714,0.13833225431636603,0.11680987183870908,0.37066180871121557
55,0.9596236034440607,0.00033176963972151387,0.8701170916936634,0.0011655921790383814,0.8703822050803044,0.001160386858141864,0.6463963963963965,0.009675395045627078,0.1386015873980705,0.1922170941713313,0.3327581600167716
56,0.9601126608964088,0.00032619111465143785,0.8680293031922006,0.0011662692024058917,0.8682896824112228,0.0011611186977778937,0.655701754385965,0.009420779386531629,0.13868116440695702,0.12860912403582855,0.35825651050176155
57,0.9605855534757509,0.000320868615308838,0.8660870629253495,0.0011537456350639557,0.8663428740878979,0.0011485573036706584,0.6431623931623933,0.010206918924179992,0.13726565885295078,0.08476404632565093,0.29546280259467417
58,0.9611994341086866,0.00029536076543196585,0.8628731007949004,0.0010978674639591538,0.8631245014201635,0.0010929595773058055,0.6291666666666668,0.010128592391758283,0.1373446948073838,0.0967271197743449,0.4937888240350226
59,0.9615381592978816,0.0002927410982053101,0.8600184720358909,0.001107741177549737,0.8602656116336069,0.0011028720171258513,0.638211382113821,0.009881553552934911,0.1364843159863315,0.12337432095088222,0.31398443886312266
60,0.9616511022909865,0.00028876003497861266,0.8574634612703956,0.001065569262280357,0.8577064818748165,0.0010605697710325936,0.646825396825397,0.009646278468341225,0.13618225503352765,0.16087561112214419,0.41860726213561483
61,0.9619405393502483,0.0002838694105683942,0.8543934794148497,0.001064834820517471,0.8546325160749358,0.0010599022701419912,0.6550387596899226,0.009421946410937935,0.13348871918912575,0.16965057718564777,0.367401007560829
62,0.9625277048320203,0.00027909569246732733,0.8505206767546659,0.0010661195377116202,0.8507558579847507,0.0010612414895979272,0.6401515151515152,0.009207811265234804,0.1333730285174061,0.09020986193776019,0.3331719661607849
63,0.9625407828946059,0.0002745444317401281,0.8480830163656595,0.0010526236823828674,0.848314464560346,0.0010477558752327446,0.6444444444444445,0.009862504051095499,0.13423153135789387,0.14692640197156137,0.29516972636455635
64,0.962682708113968,0.00027010519822346805,0.8454571625563542,0.0010524636808559396,0.8456849943729986,0.0010476783759590875,0.6521739130434784,0.009648101789115151,0.13300926950494407,0.1687237333067512,0.6851213278101257
65,0.9631689991185732,0.0002657923661537676,0.8420584996298888,0.00105308065655612,0.8422828263416618,0.0010483418748168647,0.6382978723404255,0.009442823027644619,0.13295675574498217,0.09772602958348711,0.47006353572024373
66,0.9631581174151599,0.00026172853412831897,0.8399393223909591,0.0010478177899753865,0.8401602502131599,0.0010430992472950469,0.6440972222222222,0.009407677803551912,0.13184659309118907,0.15290989557919712,0.34572237386753735
67,0.963521989228548,0.00025779379922620017,0.8378934093847198,0.0010446365546045366,0.8381110397767385,0.00103996075508979,0.6513605442176871,0.009215684378989626,0.1253462656817945,0.19641369536286798,0.47632646159264724
68,0.9640641593195577,0.00025396222824323626,0.8351779487533815,0.001045191708326616,0.8353923786984586,0.001040559717556256,0.6383333333333332,0.00903137069140984,0.12527643340329225,0.11926650663046065,0.43878187660141205
69,0.9644575866651831,0.00025038729019033533,0.8335718101881452,0.0010457831072539958,0.8337831324528592,0.001041214680008142,0.6258169934640523,0.008854284991578273,0.12488521369145898,0.0989007151251012,0.3530233912141739
70,0.964858451344747,0.0002934274338805756,0.8309993973084192,0.001106963506503721,0.831207700683637,0.00110258561378229,0.6153846153846153,0.008200027552138863,0.12618547187787446,0.10788127060585558,0.3805983899556294
71,0.9652157133088156,0.00035423841270128834,0.8265846937325567,0.00122587579025552,0.8267900632574195,0.001221818659343669,0.6069182389937107,0.007989244489698183,0.12205779809719372,0.17482791358480654,0.4845962275859277
72,0.9656775975170734,0.0003495346471695226,0.8223442908629893,0.0012178063789451104,0.8225468080333399,0.001213794683184491,0.5956790123456791,0.007841295517666734,0.1281434257309963,0.2385757242721267,0.4972098766511803
73,0.9661297931699703,0.00034492954855891975,0.8178674392825763,0.0012058167943132436,0.8180671822451142,0.001201866835300974,0.5848484848484848,0.007698726508254615,0.1274971720060002,0.15976565442667742,0.5574189427748514
74,0.9665024300361628,0.0003404529719300652,0.815086516553424,0.001194730917407131,0.8152835602867383,0.0011908317879920048,0.5744047619047619,0.007561249249178633,0.12680351320341152,0.22693360824067374,0.8069459408025527
75,0.9666644054085817,0.0003291999625884133,0.8130502647801419,0.0011447927551474367,0.8132446812636785,0.0011408895316769208,0.5818713450292398,0.0074285957535790105,0.1282339468090423,0.29213805682655813,0.35825651050176155
76,0.9668893459278008,0.0003250206533117947,0.8105097716379895,0.0011358630796354037,0.8107016300099007,0.0011320360250393607,0.5775862068965517,0.007797707187355958,0.12847853951374139,0.23567133396501716,0.32074908947680936
77,0.9672901461486435,0.000320955452987506,0.8079716909690945,0.0011199633930260727,0.808161057673838,0.0011161860169337384,0.5677966101694917,0.007665542658756703,0.11963104771743373,0.12236685624319121,0.410325152909945
78,0.9675745489871509,0.0003143960179980626,0.8056326109946478,0.0011284512466946453,0.8058195499211253,0.0011246800750434759,0.5597222222222221,0.007241136847949325,0.11906880982396195,0.11348330759398072,0.46203759105104786
79,0.9674779430484285,0.0003104250567109993,0.8042036410426195,0.0011193341432758348,0.8043882136535719,0.0011156226774624673,0.5669398907103825,0.007122429686507536,0.11938693711896908,0.16780820300743687,0.38363078178048327
80,0.9677727212030275,0.00030410071693795016,0.8020786815753883,0.001126644884805362,0.8022609470287039,0.0011230099326920262,0.5631720430107526,0.007007551788338064,0.1189561343539154,0.11894240110914416,0.5411895459075732
81,0.9680756929531698,0.0002962131157002986,0.8003500849599267,0.0011075480748481846,0.8005301002224606,0.0011038506681607147,0.5555555555555555,0.007044645750782495,0.11903642421663005,0.17029303986201297,0.34261784819284846
82,0.968463199794606,0.00029261759180407467,0.798757423306104,0.0011005162133910693,0.7989352432605581,0.0010968540120853759,0.546875,0.006934573160926521,0.11896450844200275,0.12359150666072936,0.5479306891164635
83,0.9686201458184809,0.0002891287162390243,0.7982767329943442,0.0010954391165415992,0.7984524105397086,0.0010918183877642752,0.5538461538461538,0.006827887419989188,0.11881946963550544,0.11580238752474058,0.4834173771601825
84,0.9688234598705027,0.0002858261783667843,0.79767796974151,0.0010900856664964006,0.797851555887525,0.0010865237415761404,0.5593434343434344,0.007566186178915063,0.11875302147756102,0.08787902300138022,0.6075581877926103
85,0.9691863821371444,0.0002824989110020518,0.7957291606233912,0.0010832031895481348,0.7959007045794529,0.0010796788850470243,0.5509950248756219,0.007453258026990953,0.12679365995393968,0.11041991191794205,0.38453174493473286
86,0.9695429404046774,0.0002792299887114187,0.7938452747547862,0.0010759406644862816,0.7940148240136843,0.0010724339718500586,0.5428921568627451,0.007343651291299913,0.12675850278746287,0.10583712331831062,0.33913289665488155
87,0.9698317464815918,0.00027599380154366124,0.791416999000666,0.001072187603070116,0.7915845994175079,0.0010687272344321135,0.5350241545893719,0.00723722156244049,0.12847397426300283,0.09861962516586449,0.6581691022325703
88,0.9701842793722834,0.0002727686598359542,0.7879621571606754,0.0010642439915403124,0.788127853027326,0.001060823189529786,0.5273809523809523,0.007133832682977052,0.1311270527971961,0.09208081281498408,0.39310765729369496
89,0.9702435477800241,0.0002705169499881198,0.7850597922022636,0.0011287829974567125,0.7852236263176035,0.0011253955675682784,0.5293427230046949,0.00611927057573183,0.13097662689832928,0.1683128870927547,0.33068142996788147
90,0.9700715819982154,0.00027924570170883396,0.78298869481761,0.0011218982696825715,0.7831507085538906,0.0011185925087018025,0.5358796296296297,0.006034280706624439,0.12975925346496373,0.24955444942445343,0.49216587884388235
91,0.9700785647285682,0.0002590899514550055,0.7802091584584598,0.0010947444674703685,0.7803693918240121,0.0010914376860297727,0.541095890410959,0.005961563560126637,0.12976294476697048,0.1948530317204809,0.3509543574670522
92,0.9704020890439092,0.00025628855177628766,0.7771777797658621,0.0010818041941434227,0.7773362714643975,0.0010785379949442334,0.5337837837837839,0.005881001890395198,0.1260868354039291,0.20414797101585974,0.2713424533913066
93,0.9704450003316718,0.0002682069875239398,0.7748010038904739,0.0011107658932815675,0.7749577913771971,0.001107611318016956,0.5377777777777778,0.005525169426738318,0.12526754971109927,0.1686305986291181,0.6070879704556577
94,0.9707598433900868,0.0002653498361387946,0.771419854952315,0.001103174863184337,0.7715749744870518,0.001100054265129758,0.530701754385965,0.005452469829018079,0.12407687422250994,0.22876035634918776,0.4275906820496212
95,0.9710489533563479,0.0002646136376828935,0.7687253398095222,0.0011221606162208498,0.7688788265070512,0.0011190622609745533,0.524891774891775,0.005411255411255409,0.12285029869240326,0.1280865250246258,0.4120170897675451
96,0.9713349431769998,0.0002618664988310106,0.7659442401146306,0.0011143945132416652,0.7660961279923936,0.0011113199791178013,0.5181623931623931,0.005341880341880347,0.12301299653971733,0.11361418659037871,0.5213752819822257
97,0.9713851350214978,0.0002591393315290951,0.7648255287310378,0.001112017776735098,0.7649758507543908,0.001108959840282008,0.5242616033755274,0.005274261603375522,0.1253612829096314,0.17763448990182648,0.4563352142580549
98,0.9716353628335531,0.00026698580403536196,0.7629926584235039,0.0011471640183583866,0.7631414465486596,0.001144129027699961,0.5187500000000002,0.005439926748615563,0.1290266943975249,0.127616988673739,0.4698930622319273
99,0.9714555604663944,0.0002643471964938237,0.762188977558533,0.0011473721230387478,0.7623362627733337,0.0011443616308169646,0.5226337448559669,0.004884984982117695,0.12456485368819466,0.2928700604630718,0.4103344945914399
100,0.9717383140340007,0.000261728644015067,0.7597450345658668,0.0011413266790236095,0.7598908469285194,0.0011383439178824172,0.516260162601626,0.004825411994530898,0.12412083591726022,0.17947092385860708,0.2624700112250198
101,0.9720202868487764,0.00025911732201010695,0.7574854700256316,0.001136512979182529,0.7576298387015252,0.0011335616284587876,0.5100401606425703,0.004767274500620885,0.12072217795586528,0.1124548423071491,0.5173781175213553
102,0.9722091214737735,0.0002565644164490102,0.7556140826181243,0.0011279307074548814,0.7557570359148423,0.0011250139030045201,0.5128968253968254,0.005172240605678093,0.11649685179383877,0.22055338093459537,0.48744694438557906
103,0.9721902899257288,0.00025316263341661725,0.7537657230093959,0.0011115443703410758,0.7539072884100294,0.0011085922083979062,0.5186274509803921,0.005111390716199525,0.1163428870861632,0.09623802194791785,0.4057434103288499
104,0.9723125512611643,0.0002501864576634948,0.751804227566149,0.0011090545780982658,0.751944431761007,0.0011060892214169887,0.5232558139534884,0.004747073144928635,0.11516095396586054,0.24346759664974127,0.36613789266634306
105,0.9725259080935528,0.00024775786781202903,0.7501783189031889,0.001099104038011756,0.7503171878200008,0.0010961732117817787,0.5268199233716475,0.004436690770761753,0.1162411513289427,0.22850067743762595,0.43891373479415513
106,0.9726237213435748,0.00024122840349284646,0.7483151534357882,0.001084982804895653,0.7484527122684792,0.0010820371613441055,0.5321969696969696,0.0043862738301849126,0.11554699029718363,0.33048190763327456,0.4274539267773773
107,0.9728617887107737,0.000238894740981767,0.7461146746881737,0.0010801143527732484,0.7462509479242976,0.0010771790078775549,0.5262172284644194,0.0043369898545648575,0.11492972823223938,0.13369131541856635,0.5452819025064338
108,0.973014095048793,0.00023664232430457561,0.7444679515506959,0.0010708188260926262,0.7446029629975963,0.001067920200816879,0.5222222222222221,0.005117402071909318,0.11624162500998021,0.24168515871759141,0.5087119795864502
109,0.9731050999036864,0.00023444288123979377,0.7422412842403663,0.001059703691386738,0.7423750570501392,0.0010568261141460263,0.5274725274725275,0.005061166884305912,0.11560240503122114,0.09948243666978827,0.4969261292543658
110,0.9733343484015977,0.00023664523179874435,0.739753936968834,0.0010741874807696007,0.7398864936621542,0.001071351376961338,0.5271739130434783,0.004915945835507016,0.11624049423719912,0.254052068145969,0.6446253578880452
111,0.9734336160527116,0.0002345825015894468,0.7382442332667227,0.0010663661551612823,0.7383755957555987,0.00106356875629975,0.5224014336917563,0.005032736588837887,0.11574292735468854,0.20914194008325407,0.5483156646851622
112,0.9736166671057248,0.00023259618242685022,0.7365967286533235,0.0010647452511097142,0.7367269182628347,0.0010619697268448613,0.5195035460992907,0.004106298904853962,0.11842951006833397,0.21920743000454196,0.7491920263531275
113,0.973839406007126,0.00023063251019668322,0.7347812180140366,0.0010628415932537841,0.7349102555031098,0.0010600810561774683,0.5140350877192984,0.004063074705855502,0.11928602628334757,0.10756024666659127,0.4964976100495588
114,0.9739644420954515,0.00022873687212422356,0.733041240778345,0.0010551277702400697,0.7331691463596192,0.0010523966482913762,0.5190972222222222,0.004020751011002839,0.11965383587983087,0.10327152928075538,0.596276815393721
115,0.9741877303925355,0.00022677516011313997,0.730334965718055,0.0010497196567030916,0.7304617590768833,0.0010470112032226297,0.5137457044673539,0.003979299969652293,0.11729626035997331,0.10632477964783733,0.453890484544434
116,0.9742873721492749,0.00022477721766810975,0.7276665405278352,0.0010444377209196493,0.7277922408404667,0.0010417553412315108,0.5102040816326531,0.004351035027665524,0.11805478838138614,0.09339690195827909,0.49334745078920517
117,0.9741995759851457,0.0002227716883123062,0.725762288222012,0.0010400482327566245,0.7258869141729972,0.0010374055285927801,0.5151515151515151,0.004307085178901217,0.118201552282174,0.13113599396230485,0.408036312872217
118,0.9740826526936659,0.0002207590338990975,0.723479910875109,0.0010348045448096354,0.7236034806739671,0.0010321906787771897,0.52,0.004264014327112212,0.11584202681809802,0.10766903988750554,0.28107526368220614
119,0.97403863504214,0.00021876184180845778,0.7211093232685876,0.001029862479166257,0.7212318546657746,0.0010272735180500295,0.5247524752475247,0.004221796363477439,0.1151328718738108,0.09313150187022454,0.2708777683749531
120,0.9740030396484957,0.00021683060318541974,0.7196133695787018,0.0010253465352106274,0.7197348798809123,0.0010227949792066457,0.5294117647058824,0.004180406203051188,0.11480844957628471,0.1265667709965106,0.4231073820447602
121,0.9739592824307087,0.0002149209271480281,0.7177104703557003,0.0010177493463537296,0.7178309764405371,0.0010152201484775229,0.5339805825242719,0.004139819735060395,0.11603456343329892,0.09847618827459322,0.4348237327180206
122,0.9741354463563322,0.00023478782443431688,0.7153353497602053,0.001049825272143416,0.7154548680902484,0.001047324108934034,0.529647435897436,0.004177578950739999,0.11778999083195052,0.11281205167401352,0.41772422779832363
123,0.974166057965407,0.00023277975612975434,0.7137420221475352,0.0010414043477968355,0.7138605687838381,0.001038921853264778,0.5341269841269841,0.004137792484542475,0.11822231211792623,0.09874233339245654,0.4129220876646348
124,0.9741339173658204,0.00023081119079476888,0.7120582753856736,0.001033705298005907,0.7121758660007158,0.0010312464572119152,0.5385220125786164,0.004098756706386411,0.11817528230984271,0.0979046194689603,0.5159199853767776
125,0.9743475475642942,0.00022890490134240717,0.7097521697877199,0.001028352243482396,0.7098688196778419,0.0010259081457761623,0.5342679127725855,0.0042786590002090435,0.11776432181087278,0.10617919667417494,0.5355470034496314
126,0.9745488687956314,0.0002271084486752453,0.7077415295599976,0.0010244673592579871,0.7078572536573408,0.0010220407974388113,0.529320987654321,0.004239041787244143,0.11785042940804628,0.08392763138369523,0.33835836671229275
127,0.9747418679267944,0.00022538625672542952,0.7060755824201764,0.0010196366470384968,0.7061903953041547,0.001017226796962969,0.5244648318042814,0.004200151495618052,0.11775497197557894,0.11377286056329473,0.42352858513678965
128,0.9747515968680008,0.00022374093108106256,0.7051286233893174,0.0010158562309098961,0.7052425392976396,0.0010134583452006893,0.5287878787878787,0.004161968300203343,0.11749521354010546,0.10477111971845816,0.33666644169709825
129,0.974927005696189,0.000222186530419232,0.7034465509560363,0.0010125497263578508,0.7035595837953018,0.0010101677864685218,0.524024024024024,0.004124473090291608,0.11634174741831893,0.18896328134200382,0.442833893680075
130,0.9750974581108749,0.00022101103494105725,0.701708188971751,0.001008283242575658,0.7018203523276374,0.001005907785304722,0.5208333333333334,0.004160864853687688,0.11766217419527364,0.12020781082273732,0.5227671159628676
131,0.975243423431318,0.00021944498609652874,0.7003276962848698,0.001002510016409692,0.7004390034319327,0.0010001532172836081,0.5206489675516224,0.0039022880694168,0.1204555097957476,0.12670095778684926,0.40958708679653627
132,0.9753098330107867,0.00021787128956433653,0.6989631787299229,0.0009974716117600664,0.6990736426410232,0.0009951425093382882,0.5160818713450293,0.0038680574723166526,0.1204224219320891,0.2761497065541402,0.3915532180735042
133,0.9754372609687602,0.00022080560821145857,0.6968163348643213,0.000999855934504133,0.696925968219699,0.0009975451003181464,0.5123188405797101,0.004069952197929772,0.12023694852127284,0.26491114623525475,0.3919416616206083
134,0.9755439663089237,0.00021918196006065024,0.6953720960898391,0.0009971831725553702,0.6954809112858484,0.000994887937837813,0.5165229885057471,0.0040348664031200345,0.12084933144103333,0.2248955173383858,0.47094034003061125
135,0.9756254909805415,0.0002190724339364062,0.694139814584148,0.0009925839751674522,0.6942478237416685,0.0009903110989099523,0.5206552706552706,0.004000380365486534,0.12076151683523184,0.28853421029242315,0.4395331694621101
136,0.9755015334043358,0.00020366375872971605,0.6930848108199988,0.000965652100115742,0.6931920257925376,0.0009632925808203112,0.5247175141242938,0.00396647883696546,0.12136650179819469,0.3222724879444338,0.48560679462491196
137,0.9755902070279504,0.0002051298856216899,0.6916187398110961,0.0009932007754972362,0.6917251721925943,0.0009909690609873434,0.5245098039215685,0.003501400560224089,0.12364208131305102,0.3016893645478457,0.4262442419593078
138,0.9757276796961846,0.0002003215284513477,0.690128947061799,0.00099833251457036,0.6902346081941557,0.0009960475794992894,0.5284722222222223,0.0034722222222222207,0.11941037432553854,0.1605861793655938,0.4831853301032229
139,0.9759023327524591,0.00019888010189041792,0.6880711166300889,0.000993544499860715,0.6881760176104144,0.000991285038379221,0.5241046831955923,0.003443526170798898,0.1176722199682536,0.1698002707099687,0.47711652469517024
140,0.9757804999687055,0.00019746405712384125,0.6870349953219431,0.0009886912636554853,0.6871391470095519,0.0009864440298772033,0.5280054644808743,0.0034153005464480912,0.1200034340609893,0.17520218480304198,0.5663104802925074
141,0.9759473449692612,0.00019610375279558703,0.6852148837943681,0.0009851315673466477,0.6853182968175261,0.0009829070596058856,0.5237127371273713,0.0033875338753387475,0.11879058463109586,0.1148634045195809,0.544506353260011
142,0.9759910744106425,0.00019476283610363383,0.6836028453024813,0.0009802964169478001,0.6837055300649126,0.000978079696998107,0.5221774193548386,0.003986173601710324,0.11847290288523156,0.18182049838990047,0.4044073316287616
143,0.9761578012297584,0.00019341033126018596,0.6821548674516213,0.0009779976615560376,0.682256834138791,0.0009757878764704524,0.5180000000000001,0.003954284212896648,0.11825834574970195,0.10090240146877165,0.4270031695202254
144,0.9762743050937795,0.0001921053216453385,0.6815316502716041,0.0009775674887836062,0.6816329088567793,0.0009753726159820028,0.5138888888888888,0.003922901004857783,0.11746105970466737,0.10288485446784333,0.6874931366496972
145,0.9763906260246041,0.0001907766708088957,0.6803875182585682,0.000977159855454245,0.6804880785086734,0.0009749719646003212,0.5177165354330708,0.0038920120205675666,0.11761182710518389,0.18503183048936095,0.37386866741933894
146,0.9764260903610217,0.0001894542043580023,0.6792717741618713,0.0009764563078280291,0.6793716456431401,0.0009742795108948262,0.521484375,0.00386160567665688,0.1191020883262884,0.09013306005476357,0.39805111322491715
147,0.9765216897412324,0.00018816566714502397,0.6774883390369172,0.0009733054399068073,0.6775875311203544,0.0009711452415649812,0.5193798449612403,0.004576170951087182,0.11657611145360215,0.10730175553242383,0.3040303285711143
148,0.976681658019448,0.00018688360989897206,0.6755395098707125,0.0009683436540974888,0.6756380317373695,0.0009661999172339851,0.5153846153846153,0.004540969636078822,0.1165633355485248,0.11942526080068133,0.4480141956457075
149,0.9768374050832214,0.00018563538335124844,0.6739506858826908,0.0009615525072834388,0.6740485465287662,0.0009594280571979517,0.5120865139949109,0.00474101927343502,0.11638044190308386,0.11085589040676484,0.5163026826014103
150,0.9768000813522781,0.00018439365103471093,0.6727367243231716,0.0009557475948482724,0.6728339325649397,0.0009536485865544426,0.5157828282828283,0.004705102460757475,0.1165620952752977,0.18604723388189925,0.4837964241056355
151,0.976855167292421,0.00018315043073761632,0.6707532421419162,0.0009510078338120968,0.670849806620494,0.0009489286370741577,0.5125313283208021,0.004969627275276198,0.11660573134428465,0.22347651664322266,0.47495167103548735
152,0.9767934200442968,0.00018191322683437395,0.668952403773969,0.0009440658326274442,0.6690483329599246,0.0009420077824230357,0.5161691542288557,0.004932540504565183,0.11504322117065922,0.10708695895952268,0.37649863629323793
153,0.9768075258022826,0.00018068813474229252,0.6669330844096705,0.0009366096097051001,0.6670283866074825,0.0009345699783607316,0.519753086419753,0.004896003167494336,0.11693881708102197,0.19930089390178254,0.4801520706116835
154,0.9767012472184152,0.00017946289637867102,0.6652499730166795,0.000931369616216428,0.6653446563690513,0.0009293465671803332,0.5232843137254902,0.004860003144203937,0.11452112541861885,0.11696412174061806,0.5420285986728308
155,0.9767489936574271,0.00017825994115170708,0.6632227535289292,0.0009267492012518895,0.6633168260209631,0.0009247427346993526,0.5212895377128953,0.004876537307733686,0.113282557408866,0.08818378639237702,0.6082226889784039
156,0.9768810881600066,0.0001771025998515657,0.661758395934913,0.0009238480516527383,0.6618518653981517,0.0009218614876546502,0.5175120772946858,0.004841200080866056,0.11141661772819227,0.15512856358127336,0.35023086824914607
157,0.97703125348854,0.0001759522572110965,0.6601401556739032,0.0009205735092179562,0.6602330297902422,0.0009186000391492135,0.5137889688249401,0.004806371303305867,0.11236946047832994,0.10220606860552224,0.43281469825736973
158,0.9771202965679877,0.0001788402966615758,0.6590021602149163,0.0009332228726845828,0.6590944465203925,0.0009312863502414098,0.5148809523809523,0.004931372982954229,0.11287053295280641,0.12960395764225277,0.5555009738138926
159,0.9771664252851231,0.0001777169250863757,0.6583732976831341,0.0009311407018233236,0.6584650035715948,0.000929217508241015,0.518321513002364,0.004896398706479386,0.11279189096226457,0.09420359254130929,0.3899922889333434
160,0.9773139046746522,0.00017656907224474467,0.6571041059578925,0.0009292394983850134,0.6571952386845502,0.0009273272128494102,0.5146713615023474,0.004861917025447838,0.1128513264187758,0.10254432993903556,0.4606899747870427
161,0.9773679050853873,0.0001873652100949368,0.655806301120004,0.0009444895820383323,0.6558968678048813,0.0009426795252588091,0.5180652680652681,0.00482791760568945,0.11321444710293951,0.10967598060586341,0.5582909945483147
162,0.977234267718608,0.00018616722935933472,0.6549172531089403,0.0009403891149952453,0.6550072607402072,0.0009385906165642634,0.5214120370370371,0.0047943904000944,0.1126034048918729,0.281328389993789,0.4966341206609569
163,0.9773399490346198,0.00018693223532958617,0.6530044094945125,0.0009375572304397671,0.6530938649317227,0.0009357897261554403,0.5212643678160919,0.0053324820060639405,0.11282232123521818,0.21807947415602982,0.32214575652088717
164,0.9772846031634979,0.00018576188114368235,0.6515722815313657,0.0009312354532534357,0.6516611915085929,0.0009294815118413058,0.5245433789954337,0.005295958156707341,0.11175302954138806,0.0972699334501561,0.526666202597608
165,0.9772084078828979,0.00018462612811404912,0.6504916832584768,0.0009264844411244788,0.6505800543873571,0.0009247443428872601,0.5277777777777778,0.005259931230471233,0.11055046570393803,0.18150084045777037,0.4132537786876209
166,0.9771508568195223,0.0001841818870219344,0.6490475771418486,0.0009270495725483974,0.6491354159145307,0.0009252925586479014,0.5292792792792793,0.00501324510511683,0.11242778624959322,0.2939983361568731,0.3987196479141629
167,0.9772771648969258,0.00018395953899416427,0.6475812043646002,0.0009217929117812173,0.6476685171566077,0.0009200581470674108,0.528523489932886,0.005232982549850037,0.1124427849560565,0.19784638912320301,0.49684106722249216
168,0.9773568897970669,0.00018326674270408624,0.6462894893054896,0.0009199028828422376,0.646376282378497,0.0009182249206924625,0.5261111111111112,0.005471587667664505,0.11256842001741524,0.20021568000537268,0.3831800530071407
169,0.9774855409451456,0.00018139227005440102,0.6447947216926067,0.0009141656362886675,0.6448810011971345,0.0009125105723262553,0.5231788079470198,0.005764160793235027,0.11426123315325597,0.12076998631671043,0.5861528730382333
170,0.9775420406570815,0.00018033116045773615,0.643563471608496,0.0009107350517118297,0.643649243586527,0.0009090875011408186,0.5263157894736842,0.005726238682753221,0.11446860515660284,0.23843073991860317,0.5405937923745257
171,0.9776399001002897,0.0001793027058468645,0.6424868058601562,0.0009075344314656149,0.6425720762476721,0.0009058962435392244,0.5283224400871459,0.005140957556909254,0.10926667883320795,0.15349724808689447,0.5076945611304565
172,0.977765704289423,0.00017827784446099602,0.6415871910234913,0.0009067858332335633,0.6416719656529405,0.0009051504154261843,0.5265151515151515,0.005789146708472034,0.10938329507439418,0.09255763242895888,0.7030430451933198
173,0.9778955576232722,0.00017723666138256226,0.6407032156944624,0.0009063170386381913,0.6407875002971516,0.0009046851972301099,0.5231182795698924,0.005751797374868988,0.10959961528684838,0.12534879842038926,0.4615592253886507
174,0.9779527293671996,0.00017623297046123328,0.640272688499088,0.0009057614973980519,0.6403564887075089,0.0009041355610192209,0.5245726495726495,0.005042092988507153,0.10921252247953202,0.13166978237570195,0.5837157543421503
175,0.9780104613749921,0.00017521970741797663,0.6398022251479342,0.000906388364319052,0.6398855464980211,0.0009047637894537757,0.5276008492569002,0.005009977746542138,0.10964762243526927,0.1811564439497779,0.43688949280557554
176,0.9781348534100411,0.00017420518277406306,0.6389838227879596,0.0009075770412902192,0.6390666707212849,0.0009059548457924251,0.5242616033755275,0.004978269026627312,0.10940932497212437,0.11473207594732417,0.6944047081718842
177,0.9781822519248808,0.00017321883954318423,0.6381448243861507,0.0009066926434117261,0.6382272042520558,0.0009050795077438416,0.5262054507337527,0.004469616695086172,0.11098597915997505,0.1191931935050057,0.33773725570022917
178,0.9779452899957192,0.00017500842721225802,0.6377651747769991,0.0009203643566761958,0.6378470918346689,0.0009187257430406257,0.5291666666666667,0.004441681590741884,0.11290359753715369,0.19765948471611888,0.3668862301474846
179,0.9780666270509326,0.00017282468893328016,0.636453739208729,0.0009146956840920147,0.6365351986292053,0.0009130511871440744,0.5263975155279503,0.004595217626159735,0.11225865687486516,0.26532167607604834,0.4410170562624966
180,0.978097899879416,0.0001718679104644372,0.6355424891524849,0.0009139809728023523,0.6356234960206252,0.0009123445520498266,0.529320987654321,0.004566852085257501,0.11265062115073705,0.1717239150015388,0.31443310634131666
181,0.9780354105130568,0.00017953021505692193,0.6346969093604631,0.0009395646397588076,0.6347774686768456,0.0009378696460071701,0.5322085889570553,0.004538834587801938,0.1149586018829677,0.21549611922490297,0.5300253070563166
182,0.9781553062406246,0.00017855023290121427,0.6337606127947415,0.0009400917331697993,0.6338407294775175,0.00093840441441028,0.5289634146341463,0.004511158767144614,0.11471873799389135,0.16138196521298567,0.5469536294234285
183,0.9781252575038546,0.00018037270946070772,0.6331558073444262,0.0009446580254683294,0.6332354862311212,0.0009430081599887534,0.5318181818181819,0.004483818410980099,0.11459138941419403,0.10503448267499904,0.38068729897633724
184,0.9782374968872852,0.00017944721643141845,0.6323071160369537,0.0009445207555223145,0.6323863618862213,0.0009428780275021391,0.5286144578313253,0.004456807456697084,0.11020372957864163,0.13112041349993367,0.5707619678388387
185,0.9783228491645325,0.00017855938482788883,0.6317790508418416,0.0009423430242260067,0.6318578683351672,0.0009407091801996433,0.526946107784431,0.00442244877770058,0.1102456399486825,0.12934033606275672,0.36519468396254123
186,0.9783934668222413,0.00017825090236555058,0.6311882579582918,0.0009466914734781834,0.6312666517016534,0.0009450537726154027,0.5292658730158731,0.004238097095891634,0.11072443149373128,0.10926840408962954,0.6149819421707886
187,0.978456749275793,0.0001773948565534581,0.6304125108780608,0.0009449627149311905,0.6304904854035432,0.0009433325563354925,0.532051282051282,0.004213019598282805,0.1107064935220762,0.11332197455989977,0.5107603879731071
188,0.9785632548667192,0.00017651785130173004,0.6294663310546339,0.0009423239393058058,0.629543890822002,0.0009407005141284663,0.5289215686274509,0.004188237130057615,0.10988764815369292,0.09662128965137917,0.363090454423435
189,0.9786359188143577,0.00017562773668337612,0.6285891678610432,0.0009389940744279952,0.628666317259272,0.0009373760112280073,0.5258284600389863,0.004163744515261954,0.1097225184122266,0.09176192658434613,0.464719202192305
190,0.9787471108834239,0.0001747136598617487,0.6274022089976378,0.0009371322328327785,0.6274789523464023,0.0009355224420949985,0.5227713178294573,0.0041395366983127515,0.10878268984442507,0.09471965354849744,0.4269480486573218
191,0.9788596100588229,0.00017378883770897453,0.6262390200708432,0.0009323979319864512,0.62631536162197,0.0009307988127149917,0.5197495183044316,0.00411560874051904,0.10632079555010694,0.19054135399514222,0.5300050005012888
192,0.9788526890406503,0.00017287096032021708,0.6254845957103021,0.0009270304227910276,0.6255605396491836,0.0009254374266089229,0.5225095785440613,0.0040919558167229544,0.10576882274347467,0.11490463591443752,0.36281821753894594
193,0.9788583145198833,0.00017194138739788924,0.624445428853404,0.0009221249435989423,0.6245209793003742,0.0009205443639035057,0.5195238095238096,0.004068573212055966,0.10570626460806518,0.09086109042328602,0.4969771121909643
194,0.9789729641480479,0.0001710089633416387,0.6232761962465899,0.0009179680518943985,0.6233513572582664,0.0009163972656030763,0.5165719696969697,0.004045456318805648,0.10485315198462161,0.12098188510931117,0.576542161955977
195,0.9789625741842047,0.00017009761001604394,0.6224743858007227,0.0009134038418168903,0.6225491613713136,0.000911838574042604,0.5188323917137476,0.003923700269257265,0.10473367095323498,0.09982062715910921,0.5825758669001875
196,0.978877077024667,0.00016918499948485492,0.621568219349368,0.0009087933456826793,0.6216426134119457,0.000907233585478456,0.5215355805243446,0.0039016570093176133,0.10482748216117888,0.09957458173544315,0.42219024595379456
197,0.9789602296806862,0.00017137606005523492,0.6205777722599808,0.000914534383644311,0.6206517886877231,0.000912988749408814,0.5190875232774674,0.003917762538655074,0.10448116924265571,0.16857822705733955,0.36920078599093503
198,0.9789709318172354,0.00017739497813248743,0.6199224991673947,0.000945780283555074,0.6199961417747949,0.0009442650794135663,0.5189814814814814,0.003955557289498856,0.10371784447942702,0.10865520810064128,0.43214727206660486
199,0.9790108878273291,0.00017648993948282308,0.6190342500330653,0.000943473421284231,0.6191075225771117,0.0009419659131575381,0.5216390423572745,0.0039337033818220655,0.10302353910646812,0.1029444732896705,0.40490441518396797
200,0.9790376388520124,0.00017528170336219038,0.6180178448008342,0.0009408415046037101,0.6180907509821604,0.0009393435762617052,0.5242673992673992,0.003912089626976892,0.103492829441591,0.15310101028494255,0.49753351718815897
201,0.9791165860678442,0.00017444120143766752,0.6170774344525212,0.0009388449399994122,0.6171499779165274,0.0009373545807345429,0.5241347905282333,0.003524634021565378,0.10581261800220056,0.22580666275065187,0.4585020551122362
202,0.9792177510309396,0.00017359616059506788,0.6159376582060765,0.0009367601733290054,0.616009842544023,0.0009352750455762756,0.521286231884058,0.003505478401882949,0.10591386198559133,0.11111870051842741,0.37860206174312266
203,0.9793168995888869,0.0001727376216926458,0.6149710422271787,0.000936255038602928,0.6150428709772536,0.0009347756980415204,0.518918918918919,0.003763841209852922,0.10559242729687912,0.1207381189001729,0.36261724738564716
204,0.9793180643948188,0.00017191247642999472,0.6142875314789192,0.0009335489443248844,0.6143590081272782,0.0009320756710313972,0.521505376344086,0.003743605504423606,0.10642295323312677,0.14929466662149093,0.4169654778541478
205,0.9793781840719721,0.00017107608373251556,0.6132760562506335,0.0009321282674554441,0.6133471842324151,0.0009306594443736957,0.5240641711229946,0.00372358622365129,0.1045661377017249,0.10619936190429928,0.4028388675991436
206,0.9794696300827819,0.00017083144079598994,0.6121616063880522,0.0009326755820890348,0.6122323890883689,0.0009312114493210134,0.5217198581560283,0.0037872357027116726,0.10410076615793319,0.17069480241701976,0.4183065823776272
207,0.9794623329291087,0.00016999725177927212,0.6112976269163153,0.0009278013064454643,0.6113680676712198,0.0009263445959720298,0.5242504409171076,0.0037671974185703363,0.10322594187058265,0.2597211115014366,0.522632799862521
208,0.9795111565755886,0.0001724243647728497,0.6101492422035067,0.0009346684959782479,0.6102193443009357,0.0009332228945660131,0.5267543859649123,0.0037473700637357613,0.10263804310502507,0.31100097739363597,0.7125369820037205
209,0.9796112705434387,0.00017157082425111922,0.6091499515138535,0.0009347489234602681,0.6092197181945483,0.0009333099897504812,0.5239965095986038,0.003727750325182165,0.10248064466940593,0.16176024645695394,0.2757608074490617
210,0.9796389305797382,0.00017073640138012347,0.6084288416044942,0.0009306056225029179,0.6084982760629001,0.0009291727802135801,0.5238715277777778,0.004027134848329542,0.10223892919052943,0.2623258939853808,0.4451898275888179
211,0.9796429334534814,0.00016990966639745053,0.6079525526095901,0.0009314954895479499,0.6080216579947334,0.0009300687578857148,0.5263385146804836,0.00400626886465944,0.10164274311923445,0.3092796539130417,0.2933040089473497
212,0.9797405788186496,0.00016909467218484623,0.6074026932929869,0.0009332898549289902,0.6074714727093323,0.0009318697196275698,0.5236254295532645,0.003985617994223054,0.10175457319047058,0.10518363524606378,0.34183970577141753
213,0.9797092968132345,0.00016831849277102406,0.6071709948163798,0.0009332942374981018,0.6072394513246673,0.0009318788874709337,0.526068376068376,0.003965178927586009,0.10267172434918366,0.11237634191933395,0.5517563133899825
214,0.9797851042223531,0.00016755498748103256,0.6069828921809481,0.0009351508214496015,0.6070510287990101,0.0009337408571440931,0.5233843537414966,0.003944948422853428,0.10251127817602028,0.08730943695420705,0.4260835972097471
215,0.9798783118928128,0.0001667824180733543,0.6063602775585973,0.0009346059439200512,0.6064280972621565,0.0009332020507306535,0.5207275803722505,0.003924923303955694,0.09985538459677917,0.10447624094432045,0.49119550674803236
216,0.9798078802168767,0.00016602767700246425,0.6058326952327573,0.000936073174088139,0.6059002009562077,0.0009346756168341444,0.5193602693602694,0.004432381529713678,0.10051228855163513,0.26490143494577606,0.519461216587076
217,0.9797813083469039,0.00016493999980590749,0.6050887669156128,0.0009317904533634743,0.6051559615527798,0.000930398392437386,0.5209380234505862,0.004601170985149421,0.10021556782855172,0.29238966437119357,0.40933062344829374
218,0.9798698579060221,0.00016416516771527016,0.6040282838568859,0.000929243785853155,0.6040951702617722,0.0009278585431240317,0.5195833333333334,0.004583333333333338,0.10039840137958321,0.1145914665674585,0.3659369770793022
219,0.9799330130595204,0.0001634033030789456,0.6032494093701796,0.0009251531861433926,0.603315990357692,0.0009237737946563078,0.5219734660033168,0.004560530679933666,0.09996251796947951,0.27283062108760603,0.3679160874618975
220,0.9799628592347983,0.00016264583320462424,0.6020793311262069,0.0009214441929469794,0.6021456094728671,0.0009200726003315049,0.5243399339933993,0.0045379537953795426,0.10022888215359027,0.19892325700812427,0.4217300967362275
221,0.9800271435379417,0.00016190346096109405,0.600954403233852,0.0009177592105712527,0.601020381678491,0.0009163992773319002,0.5258620689655172,0.00474068861615318,0.10026689177363021,0.1352420719809394,0.2786740701402184
222,0.9800042657744771,0.0001611727583103531,0.6001990968872181,0.0009128348848483234,0.6002647781316559,0.0009114824851215184,0.5281862745098039,0.0047174499464661636,0.10071866395443624,0.18580871075869063,0.5978405533863107
223,0.9800402882770981,0.00016044683308563643,0.5991418655753589,0.0009097339794561681,0.5992072522850684,0.0009083853775070576,0.5256097560975611,0.004694437995507794,0.10173279763475652,0.25064863601227944,0.38516002754701445
224,0.9801084862411865,0.00015973141194587962,0.5981561573592354,0.0009064345856310952,0.5982212521639908,0.0009050900994923761,0.5275080906148867,0.004563722288169628,0.10437332098192409,0.09930289162643474,0.48391156738465896
225,0.9800782784915153,0.00015901633342321647,0.5973230494317947,0.0009021724281492468,0.5973878549263069,0.0009008362935129565,0.5297906602254427,0.004541675320593932,0.10305043619310349,0.2378573056827847,0.5751439153978316
226,0.9801017147878799,0.00015830222912352642,0.5962140100650726,0.0009005510643102056,0.5962785288096091,0.0008992233057451361,0.532051282051282,0.004519840343091077,0.10242696424046874,0.09970170437370555,0.4973569552606967
227,0.980093557009117,0.00015759522011420796,0.5953931326175996,0.0008987533375028631,0.5954573671385917,0.0008974323301667585,0.5342902711323764,0.004498214312741357,0.10292226647568964,0.2930929995118536,0.5806740743740607
228,0.9800707336924711,0.00015690912570653407,0.5949792605238742,0.000899759227922903,0.5950432133145113,0.0008984434917015529,0.5365079365079365,0.004476794244585447,0.10245158452932848,0.09960972058821471,0.5121990573725714
229,0.9798598033728663,0.00015621873587696718,0.5947871880692531,0.0009019357671116761,0.594850861590062,0.0009006249726360251,0.5387045813586099,0.004455577210250915,0.10363131505259474,0.15094398041355286,0.4584551121282561
230,0.9798939074481998,0.00015553405617677935,0.5942074921533985,0.000900865019777466,0.5942708888328125,0.0008995590483338715,0.5408805031446541,0.004434560336617661,0.10276545980315444,0.1449824257779446,0.4159082818572623
231,0.9799694342972772,0.00015486014631623535,0.5935842519815752,0.0008973979214462671,0.5936473742164896,0.0008960947810935723,0.5383411580594679,0.004413740804520861,0.10325560903759727,0.10229869335820395,0.38182565035679567
232,0.9800582291455527,0.0001541736563088978,0.592762631436235,0.000893984231716943,0.5928254815925506,0.0008926853250243165,0.5358255451713395,0.004393115847490394,0.10512405427727595,0.09029460391105217,0.39164522173206595
233,0.9800250881527545,0.00015348648897843393,0.5922392312950993,0.0008903058062118184,0.5923018117082547,0.0008890101671231291,0.5344961240310077,0.004596519515089603,0.10524855396537752,0.11199674670885355,0.36994809073856216
234,0.9800863347932357,0.00015281266771619297,0.5914217698319728,0.0008861902119617413,0.5914840828074653,0.0008848978941692538,0.5354938271604938,0.00442642327841849,0.10474869572443944,0.14722775598555973,0.4227864753760279
235,0.98017332860009,0.0001521450982074092,0.5905089895272028,0.0008834077111064968,0.5905710373410974,0.0008821203021105428,0.5337941628264208,0.004602472698694873,0.10535190636835029,0.10247845291650055,0.5086462468371095
236,0.9802590795810588,0.00015148706584494815,0.5896734395170864,0.0008802069933008101,0.5897352244165154,0.000878926549425972,0.5313455657492354,0.004581360438609114,0.10510918920498104,0.10229458004533058,0.539291113621869
237,0.9803147388686929,0.0001508505628517232,0.5888926994639115,0.0008772190765848595,0.5889542236675623,0.0008759420105180757,0.5312024353120245,0.004845914212768083,0.10332963220015651,0.18964803546474215,0.4637682362814005
238,0.9803282478540886,0.00015010320572125458,0.588139808554081,0.0008629990752389436,0.5882010742526743,0.0008617716349569602,0.5318181818181819,0.004941430059132808,0.1043255804819356,0.1496235606437176,0.5023907716668168
239,0.9804079113033327,0.00014949534227210048,0.5873851903920841,0.0008599500151698762,0.5874461997488424,0.0008587285775114117,0.5294117647058822,0.004919070647100532,0.10378555662634946,0.17982439224536645,0.3165156071442947
240,0.9804602820132035,0.00014890595127859259,0.5867087221376198,0.0008563581875956697,0.5867694772887249,0.0008551409214673258,0.5274024024024023,0.005004294016294119,0.10333228976345005,0.18496721896468385,0.5567085495344528
